ClassName,Namespace,Kind,File,Lines,Methods,Fields,Properties,BaseClass,Interfaces,Uses
"NetworkAssetSourceResource","Fusion","class","Fusion.Unity.cs",161,7,4,2,"","",""
"NetworkAssetSourceStatic","Fusion","class","Fusion.Unity.cs",69,3,1,3,"","",""
"NetworkAssetSourceStaticLazy","Fusion","class","Fusion.Unity.cs",61,3,1,3,"","",""
"FusionGlobalScriptableObjectAddressAttribute","Fusion","class","Fusion.Unity.cs",37,2,0,1,"FusionGlobalScriptableObjectSourceAttribute","",""
"FusionGlobalScriptableObjectResourceAttribute","Fusion","class","Fusion.Unity.cs",60,2,0,2,"FusionGlobalScriptableObjectSourceAttribute","",""
"FusionCoroutine","Fusion","class","Fusion.Unity.cs",70,4,2,4,"","ICoroutine; IDisposable",""
"FusionLogInitializer","Fusion","class","Fusion.Unity.cs",7,2,0,0,"","","FusionUnityLogger"
"FusionUnityLogger","Fusion","class","Fusion.Unity.cs",115,5,1,0,"FusionUnityLoggerBase","","Stage"
"FusionProfiler","Fusion","static class","Fusion.Unity.cs",192,6,19,0,"","",""
"FusionRuntimeCheck","Fusion","static class","Fusion.Unity.cs",26,1,0,0,"","",""
"TraceChannelsExtensions","Fusion","static class","Fusion.Unity.cs",50,1,0,0,"","",""
"JsonUtilityExtensions","Fusion","static class","Fusion.Unity.cs",348,12,1,0,"","","TypeNameWrapper"
"TypeNameWrapper","Fusion","class","Fusion.Unity.cs",7,0,1,0,"","",""
"FusionLogInitializer","Fusion","static class","Fusion.Unity.cs",103,2,0,0,"","",""
"FusionMppmStatus","Fusion","enum","Fusion.Unity.cs",14,0,3,0,"","",""
"FusionMppm","Fusion","class","Fusion.Unity.cs",213,3,2,0,"","","FusionMppmStatus; FusionMppmCommand"
"FusionMppmCommand","Fusion","abstract class","Fusion.Unity.cs",16,1,0,2,"","",""
"FusionUnityExtensions","Fusion","static class","Fusion.Unity.cs",71,0,0,0,"","",""
"NetworkObjectBaker","Fusion","class","Fusion.Unity.cs",391,7,6,0,"","","TransformPath; TransformPathCache; Result; _Indices"
"Result","Fusion","struct","Fusion.Unity.cs",11,1,0,3,"","",""
"TransformPath","Fusion","struct","Fusion.Unity.cs",37,2,4,0,"","","_Indices"
"_Indices","Fusion","struct","Fusion.Unity.cs",3,0,1,0,"","",""
"TransformPathCache","Fusion","class","Fusion.Unity.cs",148,11,3,0,"","IComparer; IEqualityComparer","TransformPath"
"NetworkPrefabSourceStatic","Fusion","class","Fusion.Unity.cs",5,0,1,1,"NetworkAssetSourceStatic","INetworkPrefabSource",""
"NetworkPrefabSourceStaticLazy","Fusion","class","Fusion.Unity.cs",5,0,1,1,"NetworkAssetSourceStaticLazy","INetworkPrefabSource",""
"NetworkPrefabSourceResource","Fusion","class","Fusion.Unity.cs",5,0,1,1,"NetworkAssetSourceResource","INetworkPrefabSource",""
"FusionStatisticsHelper","Fusion.Statistics","static class","Fusion.Unity.cs",156,2,2,0,"","","RenderSimStats"
"FusionStatsGraphBase","Fusion.Statistics","abstract class","Fusion.Unity.cs",354,17,39,1,"MonoBehaviour","","FusionStatBuffer; FusionStatistics"
"FusionStatBuffer","Fusion.Statistics","struct","Fusion.Unity.cs",116,6,10,5,"","",""
"FusionStatsGraphBase","Fusion.Statistics","class","Fusion.Unity.cs",443,1,7,0,"","",""
"FusionScalableIMGUI","Fusion","static class","Fusion.Unity.cs",76,3,1,0,"","",""
"FusionUnitySceneManagerUtils","Fusion","static class","Fusion.Unity.cs",221,12,1,0,"","",""
"SceneEqualityComparer","Fusion","class","Fusion.Unity.cs",9,2,0,0,"","IEqualityComparer",""
"NetworkRunnerVisibilityExtensions","Fusion","static class","Fusion.Unity.cs",358,19,5,0,"","","IRunnerVisibilityRecognizedType; RunnerVisibility; RunnerVisibilityLink; RunnerVisibilityLinksRoot; EnableOnSingleRunner; PreferredRunners"
"RunnerVisibility","Fusion","class","Fusion.Unity.cs",5,0,1,1,"","","RunnerVisibilityLink"
"VfxController","Assets.VFXPACK_IMPACT_WALLCOEUR.Scripts","class","VfxController.cs",26,2,2,1,"MonoBehaviour","",""
"DropdownController","Assets.VFXPACK_IMPACT_WALLCOEUR.Scripts","class","DropdownController.cs",63,7,2,0,"MonoBehaviour","","VfxController"
"DebugColisionesFull","","class","DebugColisionesFull.cs",113,16,1,0,"MonoBehaviour","",""
"CollisionDetector","","class","CollisionDetector.cs",73,7,2,0,"MonoBehaviour","",""
"ShotImpactBus","","static class","ShotImpactBus.cs",13,1,0,0,"","",""
"IInteractable","","interface","IInteractable.cs",6,3,0,0,"","",""
"DesactivarPorTimer","","class","DesactivarPorTimer.cs",18,3,0,0,"MonoBehaviour","",""
"UnitView","","class","UnitView.cs",479,30,29,0,"MonoBehaviour","","UnitModel; IndicatorEntry; IndicatorType; UnitSpecialization"
"UnitTeam","Game.Core","enum","UnitTeam.cs",6,0,3,0,"","",""
"IUnitState","Game.Squad","interface","UnitStates.cs",7,4,0,0,"","","UnitController"
"TriggerCorregir","Redes.EditorTools","static class","TriggerCorregir.cs",8,1,0,0,"","","RedesSceneCreator"
"Physics2DMigrator","","class","Physics2DMigrator.cs",233,5,0,0,"","","AssetDatabase; EditorApplication"
"HierarchyToClipboardMenu","DebugSystem.Editor","class","HierarchyToClipboardMenu.cs",126,3,0,0,"","","EditorUtility; SerializedProperty"
"CreateTestSceneMenu","DebugSystem.Editor","class","CreateTestSceneMenu.cs",150,1,0,0,"","","GameManager; DebugLogger; GameLoopReferee; BulletPool; AssetDatabase; Bullet; PlayerModel; PlayerView; PlayerController; Weapon; SimpleEnemyAI"
"CreateScenesAndPrefabsMenu","DebugSystem.Editor","class","CreateScenesAndPrefabsMenu.cs",685,9,0,0,"","","AssetDatabase; Bullet; PlayerModel; PlayerView; PlayerController; SimpleAnimator; FloatingHealthBar; Weapon; GameManager; DebugLogger; GameLoopReferee; BulletPool; EffectPool; ScreenManager; SerializedProperty"
"ComponentPropertiesCopierTestMenu","","static class","ComponentPropertiesCopierTestMenu.cs",70,2,0,0,"","","ComponentPropertiesCopier"
"ComponentPropertiesCopier","","static class","ComponentPropertiesCopier.cs",517,22,0,0,"","","SerializedProperty"
"FloatingHealthBar","DebugSystem","class","FloatingHealthBar.cs",145,5,3,0,"MonoBehaviour","","PlayerModel"
"EventBus","DebugSystem","static class","EventBus.cs",478,137,0,0,"","",""
"EffectPool","DebugSystem","class","EffectPool.cs",90,6,3,1,"MonoBehaviour","","ImpactEffect; ProceduralAudioGenerator"
"LogCategory","DebugSystem","enum","DebugLogger.cs",18,0,15,0,"","",""
"LogEntry","DebugSystem","struct","DebugLogger.cs",7,0,4,0,"","","LogCategory"
"DebugLogger","DebugSystem","class","DebugLogger.cs",236,5,2,1,"MonoBehaviour","","LogEntry; LogCategory; EventBus"
"BulletPool","DebugSystem","class","BulletPool.cs",47,4,3,1,"MonoBehaviour","","Bullet"
"Bullet","DebugSystem","class","Bullet.cs",59,4,8,0,"MonoBehaviour","","EventBus; PlayerModel; EffectPool; BulletPool"
"DetectableType","Game.Sensors","enum","IDetectable.cs",8,0,5,0,"","",""
"IDetectable","Game.Sensors","interface","IDetectable.cs",6,3,0,0,"","","DetectableType"
"DetectableEntity","Game.Sensors","class","DetectableEntity.cs",15,4,2,0,"MonoBehaviour","IDetectable","DetectableType"
"SquadEventBus","","static class","SquadEventBus.cs",46,6,0,0,"","","UnitController"
"WeaponControllerMVC","Game.MVC","class","WeaponControllerMVC.cs",109,7,3,1,"","","WeaponModel; WeaponView; IWeaponInput"
"UnityWeaponInput","Game.MVC","class","UnityWeaponInput.cs",29,3,0,0,"","IWeaponInput",""
"UnityCharacterInput","Game.MVC","class","UnityCharacterInput.cs",36,6,0,0,"","ICharacterInput",""
"IWeaponInput","Game.MVC","interface","IWeaponInput.cs",6,3,0,0,"","",""
"IMovementHandler","Game.MVC","interface","IMovementHandler.cs",7,4,0,0,"","",""
"FusionNetworkObjectStatistics","Fusion.Statistics","class","FusionNetworkObjectStatistics.cs",27,3,1,0,"MonoBehaviour","","FusionStatistics"
"RunnerVisibilityLinksRoot","Fusion","class","RunnerVisibilityLinksRoot.cs",6,1,0,0,"MonoBehaviour","",""
"IRunnerVisibilityRecognizedType","Fusion","interface","RunnerVisibilityLink.cs",3,0,0,0,"","",""
"RunnerVisibilityLink","Fusion","class","RunnerVisibilityLink.cs",222,11,8,3,"MonoBehaviour","","PreferredRunners; ComponentType; NetworkRunnerVisibilityExtensions"
"PreferredRunners","Fusion","enum","RunnerVisibilityLink.cs",18,0,4,0,"","",""
"ComponentType","Fusion","enum","RunnerVisibilityLink.cs",5,0,3,0,"","",""
"RunnerLagCompensationGizmos","Fusion","class","RunnerLagCompensationGizmos.cs",74,4,5,0,"Behaviour","",""
"RunnerEnableVisibility","Fusion","class","RunnerEnableVisibility.cs",73,22,0,0,"Behaviour","INetworkRunnerCallbacks",""
"RunnerAOIGizmos","Fusion","class","RunnerAOIGizmos.cs",74,0,0,0,"SimulationBehaviour","",""
"EnableOnSingleRunner","Fusion","class","EnableOnSingleRunner.cs",102,5,5,0,"Behaviour","","RunnerVisibilityLink; PreferredRunners"
"NetworkSceneManagerDefault","Fusion","class","NetworkSceneManagerDefault.cs",831,24,9,6,"Behaviour","INetworkSceneManager","FusionUnitySceneManagerUtils; SceneEqualityComparer; MultiPeerSceneRoot; FusionCoroutine; LoadingScope"
"MultiPeerSceneRoot","Fusion","class","NetworkSceneManagerDefault.cs",6,0,4,0,"MonoBehaviour","",""
"LoadingScope","Fusion","struct","NetworkSceneManagerDefault.cs",14,2,1,0,"","IDisposable","NetworkSceneManagerDefault"
"NetworkObjectProviderDefault","Fusion","class","NetworkObjectProviderDefault.cs",89,8,1,0,"Behaviour","INetworkObjectProvider",""
"NetworkCCData","Fusion","struct","NetworkCharacterController.cs",27,0,5,2,"","INetworkStruct",""
"NetworkCharacterController","Fusion","class","NetworkCharacterController.cs",122,11,8,3,"NetworkTRSP","INetworkTRSPTeleport; IBeforeAllTicks; IAfterAllTicks; IBeforeCopyPreviousState","NetworkCCData"
"FusionBootstrapDebugGUI","Fusion","class","FusionBootstrapDebugGUI.cs",350,14,6,0,"Behaviour","","FusionBootstrap; Stage; FusionScalableIMGUI"
"FusionBootstrap","Fusion","class","FusionBootstrap.cs",655,25,14,11,"Behaviour","","FusionMppmCommand; StartCommand; StartModes; Stage; State; FusionBootstrapDebugGUI; FusionMppm; FusionMppmStatus; NetworkSceneManagerDefault; NetworkObjectProviderDefault"
"StartModes","Fusion","enum","FusionBootstrap.cs",5,0,3,0,"","",""
"Stage","Fusion","enum","FusionBootstrap.cs",8,0,6,0,"","",""
"StartCommand","Fusion","class","FusionBootstrap.cs",13,1,5,0,"FusionMppmCommand","",""
"FusionBasicBillboard","Fusion","class","FusionBasicBillboard.cs",67,5,3,1,"Behaviour","",""
"FusionAddressablePrefabsPreloader","Fusion","class","FusionAddressablePrefabsPreloader.cs",31,0,0,0,"MonoBehaviour","",""
"GlobalLogicTests","DebugSystem.Tests","class","GlobalLogicTests.cs",633,22,4,0,"","","DebugLogger; GameManager; EventBus; GameLoopReferee; BulletPool; Bullet; LocalNetworkMock; PlayerModel; PlayerView; PlayerController"
"NewTestScript","","class","NewTestScript.cs",19,2,0,0,"","",""
"RedesSceneLinker","Redes.EditorTools","static class","RedesSceneLinker.cs",168,6,1,0,"","","HostNetworkService; PlayerSpawner; GameFlowController; MatchController; PlayerController; MatchNetworkController; LobbyView; GameHudView; ResultView; AssetDatabase; RedesPrefabCreator; EntityDisplayManager; EntityDisplayView; GameEventBus; PlayerHealth; PlayerShooting; AmmoSystem; PlayerAnimationController; EditorUtility"
"RedesSceneCreator","Redes.EditorTools","static class","RedesSceneCreator.cs",420,10,2,0,"","","TerrainController; AssetDatabase; HostNetworkService; PlayerSpawner; MatchNetworkController; GameFlowController; MatchController; PlayerController; EntityDisplayManager; VFXManager; LobbyView; GameHudView; ResultView; RedesPrefabCreator; RedesSceneLinker"
"RedesPrefabCreator","Redes.EditorTools","static class","RedesPrefabCreator.cs",220,7,4,0,"","","AssetDatabase; GameEventBus; NetworkPlayer; PlayerMovement; PlayerShooting; PlayerHealth; AmmoSystem; PlayerAnimationController; PlayerEventBus; Projectile; EntityDisplayView"
"RedesBuildAll","Redes.EditorTools","static class","RedesBuildAll.cs",86,5,2,0,"","","RedesSceneCreator; RedesPrefabCreator; RedesSceneLinker; EditorApplication"
"Projectile","Redes.Combat","class","Projectile.cs",84,2,3,3,"NetworkBehaviour","","GameConstants; RedesLog; IDamageable; NetworkPlayer"
"IDamageable","Redes.Combat","interface","IDamageable.cs",11,1,0,1,"","",""
"TerrainController","Redes.Controllers","class","TerrainController.cs",20,2,3,0,"MonoBehaviour","","TerrainModel; TerrainView"
"PlayerController","Redes.Controllers","class","PlayerController.cs",57,2,3,0,"MonoBehaviour","","GameHudView; PlayerModel; NetworkPlayer; GameConstants"
"MatchController","Redes.Controllers","class","MatchController.cs",147,8,2,1,"MonoBehaviour","","ResultView; MatchNetworkController; MatchResult; RedesLog"
"GameFlowController","Redes.Controllers","class","GameFlowController.cs",356,16,7,1,"MonoBehaviour","","HostNetworkService; LobbyView; GameHudView; MatchController; GameStateModel; INetworkService; RedesLog; GameConstants; GamePhase; ResultView; MatchResult"
"EntityDisplayManager","Redes.Controllers","class","EntityDisplayManager.cs",112,3,6,0,"MonoBehaviour","","EntityDisplayView; NetworkPlayer; IEntityDisplayModel; RedesLog"
"RedesLog","Redes.Core","static class","RedesLog.cs",39,4,7,0,"","",""
"UnitPathRenderer","","class","UnitPathRenderer.cs",45,3,5,0,"MonoBehaviour","","UnitController; UnitFSM; State"
"UnitSpecialization","","enum","UnitModel.cs",1,0,5,0,"","",""
"UnitModel","","class","UnitModel.cs",218,11,26,5,"MonoBehaviour","IHealth","UnitTeam; UnitSpecialization; Destruible"
"IndicatorEntry","","class","UnitIndicatorSetup.cs",12,0,5,0,"","",""
"IndicatorType","","enum","UnitIndicatorSetup.cs",7,0,4,0,"","",""
"UnitController","Game.Squad","class","UnitController_Revival.cs",246,12,6,0,"MonoBehaviour","IDaniable; IDetectable","RevivalBarView; DamagedState; GEN_Inputs; SeguirFormacionState; AtacarState; PerseguirState; RevivingState"
"UnitController","Game.Squad","class","UnitController.cs",474,30,16,1,"MonoBehaviour","IDaniable; IDetectable","UnitModel; UnitView; IA_P2_AgentIA; Disparador; GenericDetector; DetectableType; UnitTeam; Enemigo; EsperandoState; UnitSpecialization; SquadEventBus; AtacarState; PerseguirState; IndicatorType; IrADestinoState; IUnitState; LiderandoState; RevivingState; GlobalData; SeguirFormacionState; DamagedState"
"UnitCommander","","class","UnitCommander.cs",285,10,4,0,"MonoBehaviour","","GEN_Inputs; LeaderManager; UnitController; SeguirFormacionState; UnitTeam; IrADestinoState; EsperandoState; PerseguirState"
"TickManager","","class","TickManager.cs",30,2,4,0,"MonoBehaviour","",""
"ShotSensor","","class","ShotSensor.cs",20,1,1,0,"MonoBehaviour","","UnitController; Bala"
"RevivingState","Game.Squad","class","RevivingState.cs",105,7,5,0,"","IUnitState","UnitController; IndicatorType; SeguirFormacionState"
"RevivalSystemSetup","","class","RevivalSystemSetup.cs",90,1,0,0,"MonoBehaviour","",""
"RevivalBarView","Game.Squad","class","RevivalBarView.cs",10,0,7,0,"MonoBehaviour","","UnitController"
"RehenBruto","","class","RehenBruto.cs",65,2,7,0,"MonoBehaviour","","IA_P2_AgentIA; GlobalData"
"PositionManager","","class","PositionManager.cs",30,3,2,0,"MonoBehaviour","","GlobalData; UnitController; UnitTeam; EsperandoState; SeguirFormacionState"
"Municion","","class","Municion.cs",15,2,2,0,"MonoBehaviour","",""
"Rigidbody2DMovementHandler","Game.MVC","class","Rigidbody2DMovementHandler.cs",71,4,1,0,"MonoBehaviour","IMovementHandler","BD_Audios"
"MovementProxy","USP.Services","class","ProxiesUSP.cs",12,2,0,0,"","","IMovable"
"ShootingProxy","USP.Services","class","ProxiesUSP.cs",10,1,0,0,"","","IAttackable"
"AIProxy","USP.Services","class","ProxiesUSP.cs",13,1,0,0,"","",""
"UIProxy","USP.Services","class","ProxiesUSP.cs",11,1,0,0,"","",""
"PersecucionEnemigo","","class","PersecucionEnemigo.cs",70,4,5,0,"MonoBehaviour","","Enemigo"
"IA_P2_BusEvent_Manager","","class","IA_P2_BusEvent_Manager.cs",34,3,5,0,"MonoBehaviour","","IA_P2_FSM"
"CrearYDestruir","","class","CrearYDestruir.cs",23,2,2,0,"MonoBehaviour","",""
"AutoDestruccionSegura","","class","AutoDestruccionSegura.cs",26,3,2,0,"MonoBehaviour","",""
"Soldado_Anim","USP.UI","class","Soldado_Anim.cs",40,2,2,0,"MonoBehaviour","","BD_Audios"
"CambiarOpacidad","USP.UI","class","CambiarOpacidad.cs",41,2,8,0,"MonoBehaviour","",""
"WeaponView","USP.Weapons","class","WeaponView.cs",142,8,8,0,"MonoBehaviour","","CambiarOpacidad; Proyectil; InformacionPersonaje; WeaponModel; Bala; BD_Audios"
"WeaponController","USP.Weapons","class","WeaponController.cs",78,4,6,0,"MonoBehaviour","","WeaponModel; WeaponView; IWeaponInput; WeaponControllerMVC; UnityWeaponInput"
"Proyectil2","USP.Weapons","class","Proyectil2.cs",30,3,3,0,"MonoBehaviour","",""
"Proyectil","USP.Weapons","class","Proyectil.cs",143,6,9,0,"MonoBehaviour","","Manager_VFX; IDaniable; InformacionPersonaje; Enemigo"
"Cohete","USP.Weapons","class","Cohete.cs",54,6,4,0,"MonoBehaviour","","IDaniable"
"VibracionCamara","","class","VibracionCamara.cs",35,3,3,0,"MonoBehaviour","","ConfiguracionGlobal"
"UnitFSM","Game.Squad","class","UnitFSM.cs",149,10,3,0,"MonoBehaviour","","State; UnitController; TickManager"
"State","Game.Squad","enum","UnitFSM.cs",1,0,5,0,"","",""
"CambioDeLider","","class","CambioDeLider.cs",36,2,4,0,"MonoBehaviour","",""
"Weapon","DebugSystem","class","Weapon.cs",93,7,9,0,"MonoBehaviour","","PlayerModel; PlayerView; EventBus; Bullet; BulletPool"
"SimpleEnemyAI","DebugSystem","class","SimpleEnemyAI.cs",56,3,7,0,"MonoBehaviour","","PlayerModel; Weapon; PlayerView; PlayerController; EventBus"
"SimpleAnimator","DebugSystem","class","SimpleAnimator.cs",54,5,3,0,"MonoBehaviour","",""
"ScreenManager","DebugSystem","class","ScreenManager.cs",257,15,14,0,"MonoBehaviour","","EventBus; LocalNetworkMock; RoomData"
"ProceduralAudioGenerator","DebugSystem","static class","ProceduralAudioGenerator.cs",72,3,1,0,"","",""
"PlayerView","DebugSystem","class","PlayerView.cs",74,7,2,0,"MonoBehaviour","","PlayerModel; SimpleAnimator; EventBus; ProceduralAudioGenerator"
"PlayerModel","DebugSystem","class","PlayerModel.cs",51,3,5,3,"MonoBehaviour","","EventBus"
"PlayerController","DebugSystem","class","PlayerController.cs",71,3,4,0,"MonoBehaviour","","PlayerModel; PlayerView; Weapon; LocalNetworkMock; EventBus"
"LocalNetworkMock","DebugSystem","static class","LocalNetworkMock.cs",103,6,0,4,"","","RoomData"
"RoomData","DebugSystem","class","LocalNetworkMock.cs",9,0,5,0,"","",""
"ImpactEffect","DebugSystem","class","ImpactEffect.cs",46,3,3,0,"MonoBehaviour","",""
"GameManager","DebugSystem","class","GameManager.cs",128,8,3,1,"MonoBehaviour","","EventBus; PlayerModel; LocalNetworkMock; FloatingHealthBar"
"GameLoopReferee","DebugSystem","class","GameLoopReferee.cs",29,2,2,0,"MonoBehaviour","","PlayerModel; PlayerController; SimpleEnemyAI; GameManager"
"CharacterView","USP.Entities","class","CharacterView.cs",48,3,5,0,"MonoBehaviour","",""
"IA_P2_ST_SearchingState","","class","IA_P2_ST_SearchingState.cs",51,3,2,0,"","IA_P2_INT_gentState","IA_P2_FSM; AgentState; IA_P2_LineOfSight3D"
"IA_P2_ST_ReturningToPatrolState","","class","IA_P2_ST_ReturningToPatrolState.cs",101,4,5,0,"","IA_P2_INT_gentState","IA_P2_FSM; AgentState"
"IA_P2_ST_PatrolState","","class","IA_P2_ST_PatrolState.cs",123,4,6,0,"","IA_P2_INT_gentState","IA_P2_FSM; AgentState"
"IA_P2_ST_ChaseState","","class","IA_P2_ST_ChaseState.cs",55,3,1,0,"","IA_P2_INT_gentState","IA_P2_FSM; AgentState; IA_P2_LineOfSight3D"
"IA_P2_PathfindingManager","","static class","IA_P2_PathfindingManager.cs",474,13,0,0,"","","IA_P2_PathNode; IA_P2_PathfindingModel; FinalPathResult; NodeDistance; IA_P2_LineOfSight3D; AStarResult; ThetaStarResult"
"AStarResult","","class","IA_P2_PathfindingManager.cs",5,0,2,0,"","","IA_P2_PathNode"
"FinalPathResult","","class","IA_P2_PathfindingManager.cs",5,0,2,0,"","",""
"NodeDistance","","class","IA_P2_PathfindingManager.cs",5,0,2,0,"","","IA_P2_PathNode"
"ThetaStarResult","","class","IA_P2_PathfindingManager.cs",5,0,2,0,"","",""
"IA_P2_LineOfSight3D","","static class","IA_P2_LineOfSight3D.cs",24,1,0,0,"","",""
"IA_P2_INT_gentState","","interface","IA_P2_INT_gentState.cs",7,3,0,0,"","","IA_P2_FSM"
"AgentState","","enum","IA_P2_FSM.cs",7,0,4,0,"","",""
"IA_P2_FSM","","class","IA_P2_FSM.cs",241,10,12,0,"MonoBehaviour","","IA_P2_AgentIA; AgentState; IA_P2_INT_gentState; IA_P2_FOV; IA_P2_ST_PatrolState; IA_P2_ST_ChaseState; IA_P2_ST_SearchingState; IA_P2_ST_ReturningToPatrolState; IA_P2_BusEvent_Manager"
"IA_P2_FOV","","class","IA_P2_FOV.cs",252,8,13,0,"MonoBehaviour","","IA_P2_LineOfSight3D"
"IA_F_PathFinding_Theta","","static class","IA_F_PathFanding_Theta.cs",82,1,0,0,"","","IA_P2_LineOfSight3D"
"IA_F_EnemyCercanos","","class","IA_F_EnemyCercanos.cs",14,2,1,0,"MonoBehaviour","",""
"IA_F_ControllerSeguidor","","class","IA_F_ControllerSeguidor.cs",83,3,6,0,"MonoBehaviour","","IA_P2_AgentIA; IA_F_EnemyCercanos"
"IA_F_ChangeMode","","class","IA_F_ChangeMode.cs",86,4,2,0,"MonoBehaviour","","IA_P2_AgentIA; IA_P2_BusEvent_Manager"
"ICharacterInput","Game.MVC","interface","ICharacterInput.cs",9,6,0,0,"","",""
"CharacterControllerMVC","Game.MVC","class","CharacterControllerMVC.cs",80,5,4,0,"","","CharacterModel; CharacterView; ICharacterInput; IMovementHandler"
"SelectedSoldierUIFeedback","","class","SelectedSoldierUIFeedback.cs",11,1,0,0,"MonoBehaviour","","UnitController"
"WeaponModel","USP.Core","class","WeaponModel.cs",121,11,8,3,"MonoBehaviour","",""
"IHealth","USP.Core","interface","Interfaces.cs",7,1,0,3,"","",""
"IMovable","USP.Core","interface","Interfaces.cs",6,2,0,1,"","",""
"IAttackable","USP.Core","interface","Interfaces.cs",5,1,0,1,"","",""
"IInputProvider","USP.Core","interface","Interfaces.cs",5,2,0,0,"","",""
"InformacionPersonaje","USP.Core","class","InformacionPersonaje.cs",199,16,22,3,"MonoBehaviour","IHealth","WeaponController; GameManager"
"IDaniable","","interface","IDaniable.cs",9,1,0,0,"","",""
"CharacterModel","USP.Core","class","CharacterModel.cs",93,8,12,0,"MonoBehaviour","","InformacionPersonaje"
"Tanque","","class","Tanque.cs",220,10,12,0,"MonoBehaviour","","Puntero_Tanque; Cohete; ObjetoColisionado"
"ObjetoColisionado","","class","Tanque.cs",12,1,2,0,"","",""
"Puntero_Tanque","","class","Puntero_Tanque.cs",45,3,2,0,"MonoBehaviour","","Tanque"
"PlayerController","USP.Entities","class","PlayerController.cs",164,6,7,0,"MonoBehaviour","","CharacterModel; CharacterView; Rigidbody2DMovementHandler; ICharacterInput; UnityCharacterInput; BD_Audios"
"EntrarAlTanque","","class","EntrarAlTanque.cs",158,7,5,0,"MonoBehaviour","","ControladorTanque"
"Enemigo","USP.Entities","class","Enemigo.cs",222,8,17,0,"MonoBehaviour","","GameManager"
"ControladorTanque","","class","ControladorTanque.cs",207,9,18,0,"MonoBehaviour","","EntrarAlTanque; Proyectil; Bala; BD_Audios"
"GenericDetector","Game.Sensors","class","GenericDetector.cs",158,9,9,0,"MonoBehaviour","","DetectableType; IDetectable"
"GameManager","USP.Services","class","GameManager.cs",176,12,8,0,"MonoBehaviour","","Enemigo"
"FormationRelocator","","class","FormationRelocator.cs",26,2,7,0,"MonoBehaviour","","GlobalData"
"EnemyView","USP.Entities","class","EnemyView.cs",65,4,5,0,"MonoBehaviour","","EnemyModel"
"EnemyModel","USP.Core","class","EnemyModel.cs",88,5,12,3,"MonoBehaviour","IHealth",""
"Disparador","","class","Disparador.cs",104,2,6,0,"MonoBehaviour","","Manager_VFX; BD_Audios; BalaPool; Bala"
"Destruible","","class","Destruible.cs",39,2,3,0,"MonoBehaviour","IDaniable","UnitController"
"DamagedState","Game.Squad","class","DamagedState.cs",160,8,6,0,"","IUnitState","DamagedStateHandler; UnitController; IDetectable"
"DamagedStateHandler","Game.Squad","class","DamagedState.cs",97,7,3,0,"MonoBehaviour","","UnitController"
"CursorManager","","class","CursorManager.cs",157,7,11,1,"MonoBehaviour","","IInteractable; IDaniable"
"ControlDerrota","","class","ControlDerrota.cs",37,1,3,0,"MonoBehaviour","","LeaderManager"
"BalaPool","","class","BalaPool.cs",70,6,3,0,"MonoBehaviour","","Bala"
"Bala","","class","Bala.cs",182,13,12,0,"MonoBehaviour","IDetectable","DetectableType; Proyectil; CursorManager; IDaniable; UnitController; CoroutineHelper; Manager_VFX; BD_Audios; UnitTeam; BalaPool"
"AmmoManager","","class","AmmoManager.cs",37,2,1,0,"MonoBehaviour","","UnitController; UnitModel"
"PlayerShooting","Redes.Player","class","PlayerShooting.cs",53,2,6,3,"NetworkBehaviour","","AmmoSystem; GameEventBus; GameConstants; PlayerEventBus; Projectile; RedesLog"
"PlayerMovement","Redes.Player","class","PlayerMovement.cs",48,2,3,1,"NetworkBehaviour","","GameConstants; PlayerEventBus; NetworkInputData"
"PlayerHealth","Redes.Player","class","PlayerHealth.cs",133,4,5,2,"NetworkBehaviour","IDamageable","GameConstants; GameEventBus; PlayerEventBus; RedesLog; VFXManager"
"PlayerEventBus","Redes.Player","class","PlayerEventBus.cs",51,6,6,0,"MonoBehaviour","",""
"PlayerAnimationController","Redes.Player","class","PlayerAnimationController.cs",82,2,9,0,"NetworkBehaviour","","PlayerMovement; PlayerHealth; PlayerShooting; VFXManager"
"NetworkPlayer","Redes.Player","class","NetworkPlayer.cs",142,5,6,12,"NetworkBehaviour","IEntityDisplayModel","GameConstants; RedesLog; PlayerMovement; PlayerShooting; PlayerHealth; AmmoSystem; PlayerAnimationController; PlayerEventBus; GameFlowController; PlayerController; NetworkInputData; InputButton"
"AmmoSystem","Redes.Player","class","AmmoSystem.cs",83,6,4,5,"NetworkBehaviour","","GameConstants; GameEventBus; PlayerEventBus; RedesLog"
"VFXManager","Redes.Views","class","VFXManager.cs",31,3,2,1,"MonoBehaviour","",""
"TerrainView","Redes.Views","class","TerrainView.cs",21,1,1,0,"MonoBehaviour","",""
"ResultView","Redes.Views","class","ResultView.cs",98,5,6,0,"MonoBehaviour","","MatchResult; RedesLog"
"LobbyView","Redes.Views","class","LobbyView.cs",172,12,10,3,"MonoBehaviour","","GameConstants; RedesLog"
"GameHudView","Redes.Views","class","GameHudView.cs",39,5,4,0,"MonoBehaviour","",""
"EntityDisplayView","Redes.Views","class","EntityDisplayView.cs",42,4,2,0,"MonoBehaviour","",""
"TriggerEventAndDestroy","","class","TriggerEventAndDestroy.cs",24,1,1,0,"MonoBehaviour","",""
"MenuPausa","","class","MenuPausa.cs",38,3,2,0,"MonoBehaviour","",""
"MarkerAnim","","class","MarkerAnim.cs",33,2,3,0,"MonoBehaviour","",""
"Manager_VFX","","class","Manager_VFX.cs",131,4,4,1,"MonoBehaviour","",""
"MainGameController","","class","MainGameController.cs",94,2,10,0,"MonoBehaviour","","LeaderManager; GlobalData; UnitModel; UnitSpecialization; UnitFSM"
"LiderandoState","Game.Squad","class","LiderandoState.cs",148,5,5,0,"","IUnitState","UnitController; UnitSpecialization; LeaderManager; GEN_Inputs; CursorManager"
"SeguirFormacionState","Game.Squad","class","LiderandoState.cs",68,4,0,0,"","IUnitState","UnitController; GlobalData; EsperandoState; DetectableType; Enemigo; AtacarState"
"AtacarState","Game.Squad","class","LiderandoState.cs",70,4,1,0,"","IUnitState","UnitController; IndicatorType; UnitTeam; SeguirFormacionState; EsperandoState; PerseguirState"
"PerseguirState","Game.Squad","class","LiderandoState.cs",57,4,0,0,"","IUnitState","UnitController; IndicatorType; UnitTeam; SeguirFormacionState; EsperandoState; AtacarState"
"EsperandoState","Game.Squad","class","LiderandoState.cs",44,6,3,0,"","IUnitState","UnitController; IndicatorType; SeguirFormacionState"
"HuirDetrasLiderState","Game.Squad","class","LiderandoState.cs",34,4,0,0,"","IUnitState","UnitController; GlobalData; SeguirFormacionState"
"IrADestinoState","Game.Squad","class","LiderandoState.cs",31,4,0,0,"","IUnitState","UnitController; IndicatorType; EsperandoState"
"LeaderManager","","class","LeaderManager.cs",263,11,9,0,"MonoBehaviour","","UnitController; UnitSpecialization; GEN_Inputs; GlobalData; MainGameController; SeguirFormacionState; LiderandoState"
"InteractableItem","","class","InteractableItem.cs",80,6,4,0,"MonoBehaviour","IInteractable","UnitController; UnitTeam; BD_Audios"
"IA_P2_PathNode","","class","IA_P2_PathNode.cs",137,1,2,0,"MonoBehaviour","","IA_P2_PathfindingModel"
"IA_P2_PathfindingModel","","class","IA_P2_PathfindingModel.cs",97,5,6,0,"MonoBehaviour","","IA_P2_PathNode; IA_P2_LineOfSight3D"
"IA_P2_AgentIA","","class","IA_P2_AgentIA.cs",315,12,17,0,"MonoBehaviour","","UnitModel; IA_P2_PathfindingModel; IA_P2_PathfindingManager; IA_F_PathFinding_Theta"
"GlobalHUD","","class","GlobalHUD.cs",12,1,4,0,"MonoBehaviour","","LeaderManager"
"GlobalData","","class","GlobalData.cs",5,0,1,0,"","","UnitController"
"GEN_Inputs","","class","GEN_Inputs.cs",115,5,3,10,"MonoBehaviour","","Destruible"
"FusionRunnerVisibilityControlsWindow","Fusion.Editor","class","FusionRunnerVisibilityControlsWindow.cs",338,9,32,1,"EditorWindow","","RunnerEnableVisibility; NetworkRunnerVisibilityExtensions; EditorGUIUtility; Labels; FusionEditorSkin; FusionStatistics; EditorGUI; DisabledGroupScope; Event; CanvasAnchor"
"Labels","Fusion.Editor","static class","FusionRunnerVisibilityControlsWindow.cs",36,0,23,0,"","","RunnerEnableVisibility; NetworkRunnerVisibilityExtensions"
"FusionEditorSkin","Fusion.Editor","class","FusionEditorSkin.cs",95,3,11,13,"ScriptableObject","","EditorGUIUtility; LazyAsset; LazyGUIStyle"
"FusionEditorConfigImporter","Fusion.Editor","class","FusionEditorConfigImporter.cs",16,1,0,0,"ScriptedImporter","",""
"AssetObjectEditor","Fusion.Editor","class","Fusion.Unity.Editor.cs",6,1,0,0,"Editor","",""
"BehaviourEditor","Fusion.Editor","class","Fusion.Unity.Editor.cs",4,0,0,0,"FusionEditor","",""
"ChangeDllManager","Fusion.Editor","static class","Fusion.Unity.Editor.cs",102,5,2,0,"","","AssetDatabase; PathUtils"
"FixedBufferPropertyAttributeDrawer","Fusion.Editor","class","Fusion.Unity.Editor.cs",423,7,9,3,"PropertyDrawerWithErrorHandling","","SurrogatePool; SerializedProperty; EditorGUIUtility; EditorGUI; UnityInternal; IndentLevelScope; FusionEditorGUI; LabelWidthScope; ScriptAttributeUtility; FusionUnitySurrogateBaseWrapper; PropertyEntry; EditorApplication"
"SurrogatePool","Fusion.Editor","class","Fusion.Unity.Editor.cs",128,2,4,2,"","","FusionUnitySurrogateBaseWrapper; PropertyEntry; EditorApplication; SerializedProperty"
"PropertyEntry","Fusion.Editor","class","Fusion.Unity.Editor.cs",6,0,4,0,"","","SerializedProperty; FusionUnitySurrogateBaseWrapper"
"INetworkPrefabSourceDrawer","Fusion.Editor","class","Fusion.Unity.Editor.cs",66,5,1,0,"PropertyDrawerWithErrorHandling","","SerializedProperty; FusionEditorGUI; PropertyScopeWithPrefixLabel; EditorGUI; NetworkProjectConfigUtilities; NetworkPrefabRefDrawer; NetworkAssetSourceFactory; NetworkAssetSourceFactoryContext; EditorGUIUtility"
"NetworkBoolDrawer","Fusion.Editor","class","Fusion.Unity.Editor.cs",14,1,0,0,"PropertyDrawer","","SerializedProperty; FusionEditorGUI; PropertyScope; EditorGUI"
"NetworkObjectGuidDrawer","Fusion.Editor","class","Fusion.Unity.Editor.cs",44,3,0,0,"PropertyDrawerWithErrorHandling","","SerializedProperty; FusionEditorGUI; PropertyScopeWithPrefixLabel; EditorGUI"
"NetworkPrefabAttributeDrawer","Fusion.Editor","class","Fusion.Unity.Editor.cs",74,1,0,0,"PropertyDrawerWithErrorHandling","","SerializedProperty; FusionEditorGUI; PropertyScopeWithPrefixLabel; EditorGUI; UnityInternal; ObjectSelector; EditorGUIUtility; NetworkProjectConfigImporter; AssetDatabaseUtils"
"NetworkPrefabRefDrawer","Fusion.Editor","class","Fusion.Unity.Editor.cs",74,2,0,0,"PropertyDrawerWithErrorHandling","","SerializedProperty; NetworkObjectGuidDrawer; FusionEditorGUI; PropertyScopeWithPrefixLabel; NetworkProjectConfigUtilities; EditorGUI; NetworkObjectEditor; AssetDatabaseUtils; NetworkProjectConfigImporter; UnityInternal; ObjectSelector; EditorGUIUtility"
"NetworkStringDrawer","Fusion.Editor","class","Fusion.Unity.Editor.cs",53,2,4,0,"PropertyDrawerWithErrorHandling","","SerializedProperty; EditorGUI; FusionEditorGUI; ShowMixedValueScope"
"SceneRefDrawer","Fusion.Editor","class","Fusion.Unity.Editor.cs",36,1,1,0,"PropertyDrawer","","SerializedProperty; FusionEditorGUI; PropertyScopeWithPrefixLabel; EditorGUI"
"SerializableDictionaryDrawer","Fusion.Editor","class","Fusion.Unity.Editor.cs",51,3,3,0,"PropertyDrawerWithErrorHandling","","SerializedProperty; FusionEditorGUI; PropertyScope; EditorGUI; SerializedPropertyUtilities; SerializedPropertyEqualityComparer"
"TickRateDrawer","Fusion.Editor","class","Fusion.Unity.Editor.cs",254,7,8,2,"PropertyDrawer","","LazyGUIStyle; SerializedProperty; EditorGUIUtility; EditorGUI; FusionEditorGUI; PropertyScope"
"EditorRecompileHook","Fusion.Editor","static class","Fusion.Unity.Editor.cs",51,3,0,0,"","","EditorApplication; NetworkProjectConfigUtilities"
"FusionAssistants","Fusion.Editor","static class","Fusion.Unity.Editor.cs",126,5,2,0,"","","EnableOnSingleRunner"
"HierarchyIteratorExtensions","Fusion.Editor","static class","Fusion.Unity.Editor.cs",22,2,0,0,"","","HierarchyIterator"
"LazyLoadReferenceExtensions","Fusion.Editor","static class","Fusion.Unity.Editor.cs",11,1,0,0,"","",""
"ObjectExtensions","Fusion.Editor","static class","Fusion.Unity.Editor.cs",11,1,0,0,"","",""
"FusionBootstrapEditor","Fusion.Editor","class","Fusion.Unity.Editor.cs",27,1,0,0,"BehaviourEditor","","FusionBootstrap; FusionEditorGUI; WarningScope"
"FusionBuildTriggers","Fusion.Editor","class","Fusion.Unity.Editor.cs",17,1,1,1,"","IPreprocessBuildWithReport",""
"INetworkAssetSourceFactory","Fusion.Editor","interface","Fusion.Unity.Editor.cs",6,0,0,1,"","",""
"NetworkAssetSourceFactoryContext","Fusion.Editor","struct","Fusion.Unity.Editor.cs",68,3,4,2,"","","AssetDatabaseUtils; EditorUtility; AssetDatabase"
"NetworkAssetSourceFactoryResource","Fusion.Editor","class","Fusion.Unity.Editor.cs",25,1,1,1,"","INetworkAssetSourceFactory","NetworkAssetSourceFactoryContext; PathUtils; NetworkAssetSourceResource"
"NetworkAssetSourceFactoryStatic","Fusion.Editor","class","Fusion.Unity.Editor.cs",28,1,1,1,"","INetworkAssetSourceFactory","NetworkAssetSourceFactoryContext; NetworkAssetSourceStaticLazy"
"AssetDatabaseUtils","Fusion.Editor","static class","Fusion.Unity.Editor.cs",674,38,1,1,"","","EditorUtility; AssetDatabase; EditorApplication; AssetEnumerable; UnityInternal; HierarchyIterator; AssetEnumerator; FusionMppm"
"AssetEnumerator","Fusion.Editor","struct","Fusion.Unity.Editor.cs",118,5,4,2,"","IEnumerator","UnityInternal; HierarchyIterator"
"AssetEnumerable","Fusion.Editor","struct","Fusion.Unity.Editor.cs",24,4,3,0,"","IEnumerable","AssetEnumerator"
"EditorButtonDrawer","Fusion.Editor","struct","Fusion.Unity.Editor.cs",129,2,2,0,"","","Editor; ButtonEntry; EditorApplication; DoIfAttributeDrawer; FusionEditorGUI; WarningScope; EditorGUI; EditorUtility"
"ButtonEntry","Fusion.Editor","struct","Fusion.Unity.Editor.cs",6,0,4,0,"","",""
"EnumDrawer","Fusion.Editor","struct","Fusion.Unity.Editor.cs",228,2,7,6,"","","SerializedProperty; EditorGUI; UnityInternal; EditorUtility"
"HashCodeUtilities","Fusion.Editor","static class","Fusion.Unity.Editor.cs",79,8,1,0,"","",""
"LazyAsset","Fusion.Editor","class","Fusion.Unity.Editor.cs",35,1,2,2,"","",""
"LazyGUIStyle","Fusion.Editor","class","Fusion.Unity.Editor.cs",61,6,3,11,"","",""
"LazyGUIContent","Fusion.Editor","class","Fusion.Unity.Editor.cs",46,2,3,2,"","",""
"LazyAsset","Fusion.Editor","static class","Fusion.Unity.Editor.cs",5,1,0,0,"","",""
"LogSettingsDrawer","Fusion.Editor","struct","Fusion.Unity.Editor.cs",269,13,5,0,"","","FusionCodeDoc; EditorGUI; FusionEditorGUI; ShowMixedValueScope; WarningScope; AssetDatabaseUtils"
"PathUtils","Fusion.Editor","static class","Fusion.Unity.Editor.cs",55,5,0,0,"","",""
"FusionCodeDoc","Fusion.Editor","static class","Fusion.Unity.Editor.cs",371,13,5,1,"","","CodeDoc; EditorGUIUtility; MemberInfoEntry; AssetDatabase; Regexes; AssetDatabaseUtils"
"MemberInfoEntry","Fusion.Editor","struct","Fusion.Unity.Editor.cs",5,0,3,0,"","",""
"CodeDoc","Fusion.Editor","class","Fusion.Unity.Editor.cs",4,0,2,0,"","","MemberInfoEntry"
"Postprocessor","Fusion.Editor","class","Fusion.Unity.Editor.cs",30,1,0,0,"AssetPostprocessor","","AssetDatabaseUtils"
"Regexes","Fusion.Editor","static class","Fusion.Unity.Editor.cs",9,0,7,0,"","",""
"FusionCustomDependency","Fusion.Editor","class","Fusion.Unity.Editor.cs",60,3,4,0,"","","EditorApplication; AssetDatabase; AssetDatabaseUtils"
"FusionEditor","Fusion.Editor","abstract class","Fusion.Unity.Editor.cs",60,6,1,0,"Editor","","EditorButtonDrawer; FusionEditorGUI"
"FusionEditorGUI","Fusion.Editor","static class","Fusion.Unity.Editor.cs",347,23,3,0,"","","FusionEditorSkin; IndentLevelScope; EditorGUI; EditorGUIUtility; EnabledScope; InlineHelpStyle; Event; UnityInternal; BackgroundColorScope; Editor; ScriptFieldDrawer; PropertyDrawer; SerializedProperty; ScriptAttributeUtility; FusionCodeDoc; PropertyHandler; PropertyDrawerOrderComparer; LazyAuto"
"InlineHelpStyle","Fusion.Editor","static class","Fusion.Unity.Editor.cs",5,0,3,0,"","",""
"LazyAuto","Fusion.Editor","static class","Fusion.Unity.Editor.cs",5,1,0,0,"","",""
"LazyAuto","Fusion.Editor","class","Fusion.Unity.Editor.cs",8,1,0,0,"Lazy","",""
"PropertyDrawerOrderComparer","Fusion.Editor","class","Fusion.Unity.Editor.cs",9,1,1,0,"","IComparer","PropertyDrawer"
"FusionEditorGUI","Fusion.Editor","static class","Fusion.Unity.Editor.cs",139,4,0,0,"","","EditorGUI; SerializedProperty; UnityInternal"
"FusionEditorGUI","Fusion.Editor","static class","Fusion.Unity.Editor.cs",275,0,0,0,"","","EditorGUI; EditorGUIUtility; SerializedProperty; FusionEditorSkin"
"CustomEditorScope","Fusion.Editor","class","Fusion.Unity.Editor.cs",17,2,1,1,"","IDisposable","EditorGUI"
"EnabledScope","Fusion.Editor","struct","Fusion.Unity.Editor.cs",12,2,1,0,"","IDisposable",""
"BackgroundColorScope","Fusion.Editor","struct","Fusion.Unity.Editor.cs",12,2,1,0,"","IDisposable",""
"ColorScope","Fusion.Editor","struct","Fusion.Unity.Editor.cs",12,2,1,0,"","IDisposable",""
"ContentColorScope","Fusion.Editor","struct","Fusion.Unity.Editor.cs",12,2,1,0,"","IDisposable",""
"FieldWidthScope","Fusion.Editor","struct","Fusion.Unity.Editor.cs",12,2,1,0,"","IDisposable","EditorGUIUtility"
"HierarchyModeScope","Fusion.Editor","struct","Fusion.Unity.Editor.cs",12,2,1,0,"","IDisposable","EditorGUIUtility"
"IndentLevelScope","Fusion.Editor","struct","Fusion.Unity.Editor.cs",12,2,1,0,"","IDisposable","EditorGUI"
"LabelWidthScope","Fusion.Editor","struct","Fusion.Unity.Editor.cs",12,2,1,0,"","IDisposable","EditorGUIUtility"
"ShowMixedValueScope","Fusion.Editor","struct","Fusion.Unity.Editor.cs",12,2,1,0,"","IDisposable","EditorGUI"
"DisabledGroupScope","Fusion.Editor","struct","Fusion.Unity.Editor.cs",9,2,0,0,"","IDisposable","EditorGUI"
"PropertyScope","Fusion.Editor","struct","Fusion.Unity.Editor.cs",9,2,0,0,"","IDisposable","SerializedProperty; EditorGUI"
"PropertyScopeWithPrefixLabel","Fusion.Editor","struct","Fusion.Unity.Editor.cs",15,2,1,0,"","IDisposable","SerializedProperty; EditorGUI"
"BoxScope","Fusion.Editor","struct","Fusion.Unity.Editor.cs",29,2,1,0,"","IDisposable","FusionEditorSkin; EditorGUI"
"WarningScope","Fusion.Editor","struct","Fusion.Unity.Editor.cs",26,2,1,0,"","IDisposable","FusionEditorSkin"
"ErrorScope","Fusion.Editor","struct","Fusion.Unity.Editor.cs",25,2,1,0,"","IDisposable","FusionEditorSkin"
"GUIContentScope","Fusion.Editor","struct","Fusion.Unity.Editor.cs",19,2,3,0,"","IDisposable",""
"FusionEditorGUI","Fusion.Editor","static class","Fusion.Unity.Editor.cs",206,13,3,2,"","","EditorGUIUtility; EnabledScope; Editor; EditorGUI; FusionEditorSkin; UnityInternal; ScriptAttributeUtility; PropertyDrawerForArrayWorkaround; FusionEditorGUIDisplayTypePickerMenuFlags; EditorUtility; SerializedProperty"
"FusionEditorGUIDisplayTypePickerMenuFlags","Fusion.Editor","enum","Fusion.Unity.Editor.cs",19,0,4,0,"","",""
"FusionEditorUtility","Fusion.Editor","class","Fusion.Unity.Editor.cs",7,1,0,0,"","","EditorApplication"
"FusionGlobalScriptableObjectEditorAttribute","Fusion.Editor","class","Fusion.Unity.Editor.cs",15,2,0,0,"FusionGlobalScriptableObjectSourceAttribute","","FusionGlobalScriptableObjectUtils; AssetDatabase"
"FusionGlobalScriptableObjectUtils","Fusion.Editor","static class","Fusion.Unity.Editor.cs",224,12,2,0,"","","EditorUtility; AssetDatabase; AssetDatabaseUtils"
"FusionGridState","Fusion.Editor","class","Fusion.Unity.Editor.cs",5,0,2,0,"TreeViewState","",""
"FusionGridItem","Fusion.Editor","class","Fusion.Unity.Editor.cs",3,0,0,1,"TreeViewItem","",""
"FusionGrid","Fusion.Editor","abstract class","Fusion.Unity.Editor.cs",3,0,0,0,"FusionGrid","","FusionGridState; FusionGridItem"
"FusionGrid","Fusion.Editor","abstract class","Fusion.Unity.Editor.cs",354,16,7,0,"","","FusionGridState; FusionGridItem; InternalTreeView; GUIState; Column; State; FusionEditorSkin; EditorGUI; EditorUtility; Grid; EditorGUIUtility; ComparisonComparer"
"GUIState","Fusion.Editor","class","Fusion.Unity.Editor.cs",5,0,3,0,"","","InternalTreeView"
"Column","Fusion.Editor","class","Fusion.Unity.Editor.cs",12,0,6,0,"Column","",""
"InternalTreeView","Fusion.Editor","class","Fusion.Unity.Editor.cs",158,11,0,2,"TreeView","","State; Grid; EditorGUIUtility; Column; ComparisonComparer; FusionGrid"
"ComparisonComparer","Fusion.Editor","class","Fusion.Unity.Editor.cs",4,1,1,0,"","IComparer",""
"InternalTreeViewItem","Fusion.Editor","class","Fusion.Unity.Editor.cs",3,0,0,0,"TreeViewItem","",""
"FusionMonoBehaviourDefaultEditor","Fusion.Editor","class","Fusion.Unity.Editor.cs",4,0,0,0,"FusionEditor","",""
"FusionPropertyDrawerMetaAttribute","Fusion.Editor","class","Fusion.Unity.Editor.cs",5,0,0,2,"Attribute","",""
"FusionScriptableObjectDefaultEditor","Fusion.Editor","class","Fusion.Unity.Editor.cs",3,0,0,0,"FusionEditor","",""
"RawDataDrawer","Fusion.Editor","struct","Fusion.Unity.Editor.cs",171,8,3,1,"","","SerializedProperty; FusionEditorSkin; UnityInternal; EditorGUI"
"ReflectionUtils","Fusion.Editor","static class","Fusion.Unity.Editor.cs",622,45,1,0,"","","DelegateSwizzle; InstanceAccessor; StaticAccessor"
"InstanceAccessor","Fusion.Editor","struct","Fusion.Unity.Editor.cs",4,0,2,0,"","",""
"StaticAccessor","Fusion.Editor","struct","Fusion.Unity.Editor.cs",4,0,2,0,"","",""
"DelegateSwizzle","Fusion.Editor","static class","Fusion.Unity.Editor.cs",13,3,0,0,"","",""
"DelegateSwizzle","Fusion.Editor","class","Fusion.Unity.Editor.cs",9,1,0,2,"","",""
"SerializedPropertyUtilities","Fusion.Editor","static class","Fusion.Unity.Editor.cs",353,13,1,0,"","","SerializedProperty; UnityInternal; SerializedPropertyEnumerable; SerializedPropertyEqualityComparer; HashCodeUtilities; SerializedPropertyEnumerator"
"SerializedPropertyEqualityComparer","Fusion.Editor","class","Fusion.Unity.Editor.cs",102,2,1,0,"","IEqualityComparer","SerializedProperty; HashCodeUtilities"
"SerializedPropertyEnumerable","Fusion.Editor","struct","Fusion.Unity.Editor.cs",21,4,2,0,"","IEnumerable","SerializedProperty; SerializedPropertyEnumerator"
"SerializedPropertyEnumerator","Fusion.Editor","struct","Fusion.Unity.Editor.cs",39,4,4,3,"","IEnumerator","SerializedProperty"
"UnityInternal","Fusion.Editor","static class","Fusion.Unity.Editor.cs",499,1,0,1,"","","AssetDatabase; Event; Editor; SerializedProperty; EditorGUI; EditorUtility; HandleUtility; DecoratorDrawer; PropertyDrawer; EditorGUIUtility; PropertyHandler; PropertyHandlerCache; Statics; EditorApplication; ObjectSelector; SplitterState; InternalStyles; LazyGUIStyle; StaticAccessor; InstanceAccessor; DelegateSwizzle"
"AssetDatabase","Fusion.Editor","static class","Fusion.Unity.Editor.cs",11,0,1,0,"","",""
"Event","Fusion.Editor","static class","Fusion.Unity.Editor.cs",5,0,1,1,"","","StaticAccessor"
"Editor","Fusion.Editor","static class","Fusion.Unity.Editor.cs",8,0,2,0,"","",""
"EditorGUI","Fusion.Editor","static class","Fusion.Unity.Editor.cs",24,0,9,3,"","","SerializedProperty; StaticAccessor"
"EditorUtility","Fusion.Editor","static class","Fusion.Unity.Editor.cs",6,0,1,0,"","",""
"GUIClip","Fusion.Editor","static class","Fusion.Unity.Editor.cs",7,0,2,1,"","","StaticAccessor"
"HandleUtility","Fusion.Editor","static class","Fusion.Unity.Editor.cs",4,0,1,0,"","",""
"LayerMatrixGUI","Fusion.Editor","static class","Fusion.Unity.Editor.cs",53,1,5,0,"","","Editor"
"DecoratorDrawer","Fusion.Editor","static class","Fusion.Unity.Editor.cs",8,1,1,0,"","","InstanceAccessor"
"PropertyDrawer","Fusion.Editor","static class","Fusion.Unity.Editor.cs",13,2,2,0,"","","InstanceAccessor"
"EditorGUIUtility","Fusion.Editor","static class","Fusion.Unity.Editor.cs",18,0,6,2,"","","StaticAccessor"
"HierarchyIterator","Fusion.Editor","static class","Fusion.Unity.Editor.cs",12,0,1,0,"","",""
"ScriptAttributeUtility","Fusion.Editor","static class","Fusion.Unity.Editor.cs",52,1,9,3,"","","Editor; SerializedProperty; PropertyHandler; PropertyHandlerCache; DelegateSwizzle; StaticAccessor"
"PropertyHandlerCache","Fusion.Editor","struct","Fusion.Unity.Editor.cs",44,2,1,2,"","","Editor; SerializedProperty; PropertyHandler; Statics"
"Statics","Fusion.Editor","static class","Fusion.Unity.Editor.cs",13,0,5,0,"","","Editor; SerializedProperty; PropertyHandler"
"PropertyHandler","Fusion.Editor","struct","Fusion.Unity.Editor.cs",45,5,1,3,"","IEquatable","Editor; DecoratorDrawer; PropertyDrawer; Statics; InstanceAccessor"
"Statics","Fusion.Editor","static class","Fusion.Unity.Editor.cs",6,0,3,0,"","","Editor; DecoratorDrawer; PropertyDrawer; InstanceAccessor"
"EditorApplication","Fusion.Editor","static class","Fusion.Unity.Editor.cs",4,0,1,0,"","",""
"ObjectSelector","Fusion.Editor","struct","Fusion.Unity.Editor.cs",25,0,2,4,"","","Editor; Statics; StaticAccessor; InstanceAccessor"
"Statics","Fusion.Editor","static class","Fusion.Unity.Editor.cs",7,0,4,0,"","","Editor; StaticAccessor; InstanceAccessor"
"InspectorWindow","Fusion.Editor","class","Fusion.Unity.Editor.cs",20,1,3,1,"","","Editor; InstanceAccessor"
"SerializedProperty","Fusion.Editor","static class","Fusion.Unity.Editor.cs",5,0,1,0,"","","InstanceAccessor"
"SplitterGUILayout","Fusion.Editor","static class","Fusion.Unity.Editor.cs",28,2,4,0,"","","Editor; SplitterState"
"SplitterState","Fusion.Editor","class","Fusion.Unity.Editor.cs",48,5,6,3,"","ISerializationCallbackReceiver","Editor"
"InternalStyles","Fusion.Editor","class","Fusion.Unity.Editor.cs",26,1,1,9,"","","LazyGUIStyle"
"DrawInlineAttributeDrawer","Fusion.Editor","class","Fusion.Unity.Editor.cs",8,0,0,0,"","",""
"HideArrayElementLabelAttributeDrawer","Fusion.Editor","class","Fusion.Unity.Editor.cs",9,0,0,0,"","",""
"FusionOdinAttributeConverterAttribute","Fusion.Editor","class","Fusion.Unity.Editor.cs",3,0,0,0,"Attribute","",""
"ReadOnlyAttributeDrawer","Fusion.Editor","class","Fusion.Unity.Editor.cs",17,0,0,0,"","",""
"PropertyDrawerForArrayWorkaround","Fusion.Editor","class","Fusion.Unity.Editor.cs",5,0,0,0,"","","ArrayLengthAttributeDrawer"
"ArrayLengthAttributeDrawer","Fusion.Editor","class","Fusion.Unity.Editor.cs",39,2,1,0,"DecoratingPropertyAttributeDrawer","INonApplicableOnArrayElements","EditorGUIUtility; SerializedProperty"
"AssemblyNameAttributeDrawer","Fusion.Editor","class","Fusion.Unity.Editor.cs",162,2,4,0,"PropertyDrawerWithErrorHandling","","Editor; AssemblyInfo; SerializedProperty; AsmDefType; FusionEditorGUI; PropertyScope; EditorGUI; UnityInternal; AsmDefData; AssetDatabase"
"AsmDefType","Fusion.Editor","enum","Fusion.Unity.Editor.cs",9,0,6,0,"","",""
"AsmDefData","Fusion.Editor","class","Fusion.Unity.Editor.cs",6,0,3,0,"","",""
"AssemblyInfo","Fusion.Editor","struct","Fusion.Unity.Editor.cs",11,1,3,0,"","",""
"PropertyDrawerForArrayWorkaround","Fusion.Editor","class","Fusion.Unity.Editor.cs",5,0,0,0,"","","BinaryDataAttributeDrawer"
"BinaryDataAttributeDrawer","Fusion.Editor","class","Fusion.Unity.Editor.cs",46,2,2,0,"PropertyDrawerWithErrorHandling","INonApplicableOnArrayElements","RawDataDrawer; SerializedProperty; FusionEditorGUI; PropertyScope; EditorGUIUtility; EditorGUI; EnabledScope; UnityInternal"
"DecoratingPropertyAttributeDrawer","Fusion.Editor","abstract class","Fusion.Unity.Editor.cs",197,13,3,1,"PropertyDrawer","","SerializedProperty; FusionEditorGUI; EditorGUI; INonApplicableOnArrayElements; UnityInternal; ScriptAttributeUtility; PropertyDrawerForArrayWorkaround; DecoratorDrawer"
"DirectoryPathAttributeDrawer","Fusion.Editor","class","Fusion.Unity.Editor.cs",72,2,3,0,"PropertyDrawerWithErrorHandling","","SerializedProperty; EditorGUIUtility; EditorApplication; EditorUtility; PathUtils; EditorGUI"
"DisplayAsEnumAttributeDrawer","Fusion.Editor","class","Fusion.Unity.Editor.cs",43,1,2,0,"PropertyDrawerWithErrorHandling","","EnumDrawer; SerializedProperty; FusionEditorGUI; PropertyScopeWithPrefixLabel"
"PropertyDrawerForArrayWorkaround","Fusion.Editor","class","Fusion.Unity.Editor.cs",5,0,0,0,"","","DisplayNameAttributeDrawer"
"DisplayNameAttributeDrawer","Fusion.Editor","class","Fusion.Unity.Editor.cs",25,1,1,0,"DecoratingPropertyAttributeDrawer","INonApplicableOnArrayElements","SerializedProperty"
"DoIfAttributeDrawer","Fusion.Editor","abstract class","Fusion.Unity.Editor.cs",148,7,1,0,"DecoratingPropertyAttributeDrawer","INonApplicableOnArrayElements","SerializedProperty"
"PropertyDrawerForArrayWorkaround","Fusion.Editor","class","Fusion.Unity.Editor.cs",5,0,0,0,"","","DrawIfAttributeDrawer"
"DrawIfAttributeDrawer","Fusion.Editor","class","Fusion.Unity.Editor.cs",24,2,0,1,"DoIfAttributeDrawer","","SerializedProperty; EditorGUIUtility; EditorGUI"
"DrawInlineAttributeDrawer","Fusion.Editor","class","Fusion.Unity.Editor.cs",26,2,0,0,"PropertyDrawer","","SerializedProperty; EditorGUI; FusionEditorGUI; EditorGUIUtility"
"PropertyDrawerForArrayWorkaround","Fusion.Editor","class","Fusion.Unity.Editor.cs",5,0,0,0,"","","ErrorIfAttributeDrawer"
"ErrorIfAttributeDrawer","Fusion.Editor","class","Fusion.Unity.Editor.cs",9,0,0,6,"MessageIfDrawerBase","","FusionEditorSkin"
"ExpandableEnumAttributeDrawer","Fusion.Editor","class","Fusion.Unity.Editor.cs",243,3,4,1,"PropertyDrawerWithErrorHandling","","EnumDrawer; LazyGUIStyle; SerializedProperty; EditorGUIUtility; FusionEditorGUI; PropertyScope; EditorGUI; EnabledScope; Event; FusionCodeDoc; FusionEditorSkin"
"PropertyDrawerForArrayWorkaround","Fusion.Editor","class","Fusion.Unity.Editor.cs",5,0,0,0,"","","FieldEditorButtonAttributeDrawer"
"FieldEditorButtonAttributeDrawer","Fusion.Editor","class","Fusion.Unity.Editor.cs",48,3,0,0,"DecoratingPropertyAttributeDrawer","","SerializedProperty; EditorGUIUtility; EditorGUI; DisabledGroupScope"
"HideArrayElementLabelAttributeDrawer","Fusion.Editor","class","Fusion.Unity.Editor.cs",9,1,0,0,"DecoratingPropertyAttributeDrawer","","SerializedProperty"
"PropertyDrawerForArrayWorkaround","Fusion.Editor","class","Fusion.Unity.Editor.cs",5,0,0,0,"","","InlineHelpAttributeDrawer"
"InlineHelpAttributeDrawer","Fusion.Editor","class","Fusion.Unity.Editor.cs",129,6,3,1,"DecoratingPropertyAttributeDrawer","INonApplicableOnArrayElements","SerializedProperty; FusionEditorGUI; GUIContentScope; EditorGUI; FusionCodeDoc; PropertyDrawer; FusionPropertyDrawerMetaAttribute; EnabledScope; FusionEditorSkin"
"INonApplicableOnArrayElements","Fusion.Editor","interface","Fusion.Unity.Editor.cs",2,0,0,0,"","",""
"LayerAttributeDrawer","Fusion.Editor","class","Fusion.Unity.Editor.cs",18,1,0,0,"PropertyDrawer","","SerializedProperty; EditorGUI; FusionEditorGUI; PropertyScope; ShowMixedValueScope"
"PropertyDrawerForArrayWorkaround","Fusion.Editor","class","Fusion.Unity.Editor.cs",5,0,0,0,"","","LayerMatrixAttributeDrawer"
"LayerMatrixAttributeDrawer","Fusion.Editor","class","Fusion.Unity.Editor.cs",79,2,0,0,"PropertyDrawerWithErrorHandling","INonApplicableOnArrayElements","SerializedProperty; FusionEditorGUI; PropertyScopeWithPrefixLabel; LayerMatrixPopup; EditorGUIUtility; UnityInternal; LayerMatrixGUI"
"LayerMatrixPopup","Fusion.Editor","class","Fusion.Unity.Editor.cs",44,3,8,0,"PopupWindowContent","","UnityInternal; LayerMatrixGUI; FusionEditorGUI"
"MaxStringByteCountAttributeDrawer","Fusion.Editor","class","Fusion.Unity.Editor.cs",19,1,0,0,"PropertyDrawerWithErrorHandling","","SerializedProperty; FusionEditorGUI; PropertyScope"
"MessageIfDrawerBase","Fusion.Editor","abstract class","Fusion.Unity.Editor.cs",76,3,1,7,"DoIfAttributeDrawer","","SerializedProperty; EditorGUIUtility; FusionEditorGUI"
"PropertyDrawerForArrayWorkaround","Fusion.Editor","class","Fusion.Unity.Editor.cs",95,3,4,0,"DecoratorDrawer","","RedirectCustomPropertyDrawerAttribute; UnityInternal; PropertyHandler; PropertyDrawer; ScriptAttributeUtility; DummyPropertyDrawer; SerializedProperty; EditorGUI"
"RedirectCustomPropertyDrawerAttribute","Fusion.Editor","class","Fusion.Unity.Editor.cs",10,1,0,2,"Attribute","",""
"DummyPropertyDrawer","Fusion.Editor","class","Fusion.Unity.Editor.cs",12,1,1,0,"PropertyDrawer","","SerializedProperty; EditorGUI"
"PropertyDrawerWithErrorHandling","Fusion.Editor","abstract class","Fusion.Unity.Editor.cs",117,11,4,0,"PropertyDrawer","","SerializedProperty; Entry; EditorGUI; EditorGUIUtility; FusionEditorGUI; UnityInternal"
"Entry","Fusion.Editor","struct","Fusion.Unity.Editor.cs",4,0,2,0,"","",""
"RangeExAttributeDrawer","Fusion.Editor","class","Fusion.Unity.Editor.cs",215,14,5,0,"PropertyDrawerWithErrorHandling","","SerializedProperty; EditorGUI; FusionEditorGUI; PropertyScope; EditorGUIUtility; LabelWidthScope; IndentLevelScope"
"PropertyDrawerForArrayWorkaround","Fusion.Editor","class","Fusion.Unity.Editor.cs",5,0,0,0,"","","ReadOnlyAttributeDrawer"
"ReadOnlyAttributeDrawer","Fusion.Editor","class","Fusion.Unity.Editor.cs",10,1,0,0,"DecoratingPropertyAttributeDrawer","INonApplicableOnArrayElements","SerializedProperty; EditorApplication; EditorGUI; DisabledGroupScope"
"ScenePathAttributeDrawer","Fusion.Editor","class","Fusion.Unity.Editor.cs",38,1,1,0,"PropertyDrawerWithErrorHandling","","SerializedProperty; AssetDatabase; FusionEditorGUI; PropertyScope; EditorGUI"
"ScriptFieldDrawer","Fusion.Editor","class","Fusion.Unity.Editor.cs",107,3,4,1,"PropertyDrawer","","SerializedProperty; EditorGUI; FusionEditorGUI; FusionEditorSkin; EnabledScope; EditorGUIUtility; Event; AssetDatabase; FusionCodeDoc"
"SerializableTypeDrawer","Fusion.Editor","class","Fusion.Unity.Editor.cs",69,2,0,0,"PropertyDrawerWithErrorHandling","","SerializedProperty; EditorGUI; FusionEditorGUI"
"SerializeReferenceTypePickerAttributeDrawer","Fusion.Editor","class","Fusion.Unity.Editor.cs",48,1,1,0,"DecoratingPropertyAttributeDrawer","","SerializedProperty; EditorGUIUtility; EditorGUI; FusionEditorGUI; FusionEditorGUIDisplayTypePickerMenuFlags"
"PropertyDrawerForArrayWorkaround","Fusion.Editor","class","Fusion.Unity.Editor.cs",5,0,0,0,"","","SpaceAfterAttributeDrawer"
"SpaceAfterAttributeDrawer","Fusion.Editor","class","Fusion.Unity.Editor.cs",12,2,0,0,"DecoratingPropertyAttributeDrawer","INonApplicableOnArrayElements","SerializedProperty"
"ToggleLeftAttributeDrawer","Fusion.Editor","class","Fusion.Unity.Editor.cs",15,1,0,0,"PropertyDrawer","","SerializedProperty; EditorGUI"
"UnitAttributeDrawer","Fusion.Editor","class","Fusion.Unity.Editor.cs",126,4,1,0,"DecoratingPropertyAttributeDrawer","","SerializedProperty; FusionPropertyDrawerMetaAttribute; EditorGUIUtility; FusionEditorGUI"
"UnityAssetGuidAttributeDrawer","Fusion.Editor","class","Fusion.Unity.Editor.cs",114,4,0,0,"PropertyDrawerWithErrorHandling","","SerializedProperty; FusionEditorGUI; PropertyScopeWithPrefixLabel; EditorGUI; AssetDatabase; EnabledScope; EditorGUIUtility; PropertyScope"
"UnityResourcePathAttributeDrawer","Fusion.Editor","class","Fusion.Unity.Editor.cs",32,1,0,0,"PropertyDrawerWithErrorHandling","","SerializedProperty; FusionEditorGUI; PropertyScopeWithPrefixLabel; EditorGUI; AssetDatabase; EnabledScope; EditorGUIUtility"
"PropertyDrawerForArrayWorkaround","Fusion.Editor","class","Fusion.Unity.Editor.cs",5,0,0,0,"","","WarnIfAttributeDrawer"
"WarnIfAttributeDrawer","Fusion.Editor","class","Fusion.Unity.Editor.cs",9,0,0,6,"MessageIfDrawerBase","","FusionEditorSkin"
"FusionHierarchyWindowOverlay","Fusion.Editor","class","Fusion.Unity.Editor.cs",108,3,2,0,"","","EditorApplication; EditorGUIUtility; EditorUtility; EditorGUI"
"FusionInstaller","Fusion.Editor","class","Fusion.Unity.Editor.cs",115,6,10,3,"","",""
"FusionSceneSetupAssistants","Fusion.Editor","static class","Fusion.Unity.Editor.cs",97,7,0,0,"","","FusionAssistants; FusionBootstrap; RunnerVisibilityLink"
"FusionUnitySurrogateBaseWrapper","Fusion.Editor","class","Fusion.Unity.Editor.cs",8,0,3,0,"ScriptableObject","","SerializedProperty"
"ILWeaverUtils","Fusion.Editor","static class","Fusion.Unity.Editor.cs",12,1,0,0,"","",""
"NetworkBehaviourEditor","Fusion.Editor","class","Fusion.Unity.Editor.cs",144,3,2,1,"BehaviourEditor","","EditorGUI; FusionEditorGUI; WarningScope"
"NetworkMecanimAnimatorBaker","Fusion.Editor","static class","Fusion.Unity.Editor.cs",45,1,0,0,"","","AnimatorControllerTools; EditorUtility"
"NetworkObjectBakerEditTime","Fusion.Editor","class","Fusion.Unity.Editor.cs",69,5,2,0,"NetworkObjectBaker","","NetworkObjectBakerEditTimeHandlerAttribute; EditorUtility; HashCodeUtilities"
"NetworkObjectBakerEditTimeHandlerAttribute","Fusion.Editor","class","Fusion.Unity.Editor.cs",4,0,0,1,"Attribute","",""
"NetworkObjectEditor","Fusion.Editor","class","Fusion.Unity.Editor.cs",326,8,15,0,"BehaviourEditor","","NetworkProjectConfigUtilities; FusionEditorGUI; AssetDatabase; AssetDatabaseUtils; WarningScope; EditorGUI; EditorApplication; BoxScope; EditorUtility; ShowMixedValueScope; EditorGUIUtility; IndentLevelScope"
"NetworkObjectPostprocessor","Fusion.Editor","class","Fusion.Unity.Editor.cs",220,10,1,0,"AssetPostprocessor","","NetworkObjectBakePrefabArgs; NetworkObjectBakeSceneArgs; EditorApplication; AssetDatabase; AssetDatabaseUtils; NetworkProjectConfigImporter; NetworkObjectBaker; NetworkObjectBakerEditTime; FusionAssistants"
"NetworkObjectBakePrefabArgs","Fusion.Editor","class","Fusion.Unity.Editor.cs",13,1,0,5,"","","NetworkObjectBaker"
"NetworkObjectBakeSceneArgs","Fusion.Editor","class","Fusion.Unity.Editor.cs",10,1,0,3,"","","NetworkObjectBaker"
"INetworkAssetSourceFactory","Fusion.Editor","interface","Fusion.Unity.Editor.cs",3,1,0,0,"","","NetworkAssetSourceFactoryContext"
"NetworkAssetSourceFactory","Fusion.Editor","class","Fusion.Unity.Editor.cs",25,1,1,0,"","","INetworkAssetSourceFactory; NetworkAssetSourceFactoryContext"
"NetworkAssetSourceFactoryStatic","Fusion.Editor","class","Fusion.Unity.Editor.cs",8,1,0,0,"","","NetworkAssetSourceFactoryContext; NetworkPrefabSourceStaticLazy"
"NetworkAssetSourceFactoryResource","Fusion.Editor","class","Fusion.Unity.Editor.cs",8,1,0,0,"","","NetworkAssetSourceFactoryContext; NetworkPrefabSourceResource"
"NetworkRunnerEditor","Fusion.Editor","class","Fusion.Unity.Editor.cs",91,2,0,0,"BehaviourEditor","","EditorApplication; RunnerEnableVisibility"
"NetworkTRSPEditor","Fusion.Editor","class","Fusion.Unity.Editor.cs",14,1,0,0,"NetworkBehaviourEditor","","EditorGUI"
"PhotonAppSettingsEditor","Fusion.Editor","class","Fusion.Unity.Editor.cs",14,2,0,0,"Editor","","FusionEditorGUI; EditorGUIUtility"
"ReflectionUtils","Fusion.Editor","class","Fusion.Unity.Editor.cs",292,11,0,0,"","",""
"FusionStatisticsEditor","Fusion.Statistics","class","Fusion.Unity.Editor.cs",22,1,0,0,"Editor","","FusionStatistics; EditorGUI"
"AnimatorControllerTools","Fusion.Editor","static class","Fusion.Unity.Editor.cs",290,14,3,0,"","","EditorUtility"
"AssetDatabaseUtils","Fusion.Editor","static class","Fusion.Unity.Editor.cs",24,2,0,0,"","","AssetDatabase"
"FusionEditorGUI","Fusion.Editor","static class","Fusion.Unity.Editor.cs",34,2,0,0,"","","EditorGUI; IndentLevelScope; SerializedProperty"
"FusionEditorGUI","Fusion.Editor","static class","Fusion.Unity.Editor.cs",126,5,3,0,"","","Event; HashCodeUtilities"
"NetworkProjectConfigUtilities","Fusion.Editor","static class","Fusion.Unity.Editor.cs",153,13,0,0,"","","EditorApplication; FusionGlobalScriptableObjectUtils; AssetDatabase; AssetDatabaseUtils; NetworkProjectConfigImporter; EditorGUIUtility; PathUtils"
"NetworkRunnerUtilities","Fusion.Editor","static class","Fusion.Unity.Editor.cs",27,2,1,0,"","",""
"FusionStatsWorldAnchor","Fusion.Statistics","class","FusionStatsWorldAnchor.cs",20,3,0,0,"MonoBehaviour","","FusionStatsConfig; FusionStatsCanvas"
"RenderSimStats","Fusion.Statistics","enum","FusionStatsPanelHeader.cs",142,0,28,0,"","",""
"FusionStatsPanelHeader","Fusion.Statistics","class","FusionStatsPanelHeader.cs",130,12,7,0,"MonoBehaviour","","FusionStatsGraphDefault; RenderSimStats; FusionStatistics; FusionStatisticsStatCustomConfig"
"FusionStatsGraphDefault","Fusion.Statistics","class","FusionStatsGraphDefault.cs",52,4,3,1,"FusionStatsGraphBase","","RenderSimStats; FusionStatisticsHelper; FusionStatistics; FusionStatisticsStatCustomConfig"
"FusionStatsConfig","Fusion.Statistics","class","FusionStatsConfig.cs",99,10,9,1,"MonoBehaviour","","FusionStatistics"
"CanvasAnchor","Fusion.Statistics","enum","FusionStatsCanvas.cs",1,0,2,0,"","",""
"FusionStatsCanvas","Fusion.Statistics","class","FusionStatsCanvas.cs",192,14,13,1,"MonoBehaviour","IDragHandler; IEndDragHandler; IBeginDragHandler","FusionStatsPanelHeader; FusionStatsConfig; CanvasAnchor; DragMode; FusionStatistics; FusionStatisticsHelper; InputButton"
"DragMode","Fusion.Statistics","enum","FusionStatsCanvas.cs",1,0,3,0,"","",""
"FusionStatistics","Fusion.Statistics","class","FusionStatistics.cs",252,16,13,3,"SimulationBehaviour","ISpawned","FusionStatsGraphBase; FusionNetworkObjectStatsGraphCombine; FusionStatsPanelHeader; FusionStatsConfig; FusionStatsCanvas; FusionNetworkObjectStatistics; RenderSimStats; CanvasAnchor; FusionStatisticsStatCustomConfig; FusionBasicBillboard; FusionStatsWorldAnchor"
"FusionStatisticsStatCustomConfig","Fusion.Statistics","struct","FusionStatistics.cs",10,0,7,0,"","","RenderSimStats"
"FusionNetworkObjectStatsGraphCombine","Fusion.Statistics","class","FusionNetworkObjectStatsGraphCombine.cs",132,10,14,1,"MonoBehaviour","","NetworkObjectStat; FusionNetworkObjectStatsGraph; FusionStatistics; FusionNetworkObjectStatistics"
"NetworkObjectStat","Fusion.Statistics","enum","FusionNetworkObjectStatsGraph.cs",9,0,6,0,"","",""
"FusionNetworkObjectStatsGraph","Fusion.Statistics","class","FusionNetworkObjectStatsGraph.cs",76,3,4,0,"FusionStatsGraphBase","","NetworkObjectStat; FusionNetworkObjectStatsGraphCombine"
"Torreta","","class","Torreta.cs",28,2,4,0,"MonoBehaviour","","GameManager"
"SistemaPuntaje","","class","SistemaPuntaje.cs",4,0,0,0,"MonoBehaviour","",""
"SenalizacionDeEnemigos","","class","SenalisacionAEnemigos.cs",101,3,6,0,"MonoBehaviour","",""
"Prueba_de_color","","class","Prueba_de_color.cs",14,2,0,0,"MonoBehaviour","",""
"PickUp","","class","PickUp.cs",13,1,0,0,"MonoBehaviour","","UnitController; UnitTeam"
"Obstaculo","","class","Obstaculo.cs",22,2,0,0,"MonoBehaviour","",""
"MenuVictoria","","class","MenuVictoria.cs",21,2,1,0,"MonoBehaviour","",""
"IndicadorEnemigos","","class","IndicadorEnemigos.cs",62,2,6,0,"MonoBehaviour","","GameManager"
"Ideasypseudocodigos","","class","Ideas y pseudocodigos.cs",33,2,0,0,"MonoBehaviour","",""
"GestorTexto","","class","GestorTexto.cs",86,5,4,0,"MonoBehaviour","",""
"ConfiguracionGlobal","","static class","ConfiguracionGlobal.cs",19,0,10,0,"","",""
"CodigoDeInicio","","class","CodigoDeInicio.cs",16,2,0,0,"MonoBehaviour","","BD_Audios"
"Camara","","class","Camara.cs",19,2,3,0,"MonoBehaviour","",""
"BD_Audios","","class","BD_Audios.cs",198,9,1,0,"MonoBehaviour","","CoroutineHelper"
"CoroutineHelper","","class","BD_Audios.cs",26,1,1,1,"MonoBehaviour","",""
"GameEventBus","Redes.Core","class","GameEventBus.cs",53,4,0,0,"ScriptableObject","",""
"GamePhase","Redes.Core","enum","GameEnums.cs",8,0,5,0,"","",""
"MatchResult","Redes.Core","enum","GameEnums.cs",6,0,3,0,"","",""
"GameConstants","Redes.Core","static class","GameConstants.cs",21,0,8,0,"","",""
"MatchNetworkController","Redes.Gameplay","class","MatchNetworkController.cs",285,15,6,1,"NetworkBehaviour","","MatchController; GameEventBus; RedesLog; MatchResult; GameFlowController"
"TerrainModel","Redes.Models","class","TerrainModel.cs",8,0,2,2,"MonoBehaviour","",""
"PlayerModel","Redes.Models","class","PlayerModel.cs",21,2,0,3,"","","GameConstants"
"IEntityDisplayModel","Redes.Models","interface","IEntityDisplayModel.cs",7,0,0,4,"","",""
"GameStateModel","Redes.Models","class","GameStateModel.cs",25,2,0,2,"","","GamePhase"
"RoomSessionHandler","Redes.Network","class","RoomSessionHandler.cs",64,2,2,0,"","ISessionListHandler","HostNetworkService; NetworkSceneManagerDefault; RedesLog; GameConstants"
"PlayerSpawner","Redes.Network","class","PlayerSpawner.cs",87,6,2,0,"MonoBehaviour","","RedesLog"
"NetworkInputData","Redes.Network","struct","NetworkInputData.cs",6,0,3,0,"","INetworkInput",""
"InputButton","Redes.Network","enum","NetworkInputData.cs",5,0,2,0,"","",""
"ISessionListHandler","Redes.Network","interface","ISessionListHandler.cs",8,1,0,0,"","",""
"INetworkService","Redes.Network","interface","INetworkService.cs",16,3,0,2,"","",""
"HostNetworkService","Redes.Network","class","HostNetworkService.cs",430,29,7,5,"MonoBehaviour","INetworkService; INetworkRunnerCallbacks","PlayerSpawner; RedesLog; NetworkSceneManagerDefault; GameConstants; ResultView; GameFlowController; NetworkInputData; InputButton"
"CentralizadorScripts","","class","CentralizadorScripts.cs",98,1,0,0,"EditorWindow","","AssetDatabase; EditorUtility"
"ILWeaverException","Fusion.CodeGen","class","Fusion.CodeGen.cs",15,3,0,0,"Exception","",""
"NetworkProjectConfigImporterEditor","Fusion.Editor","class","NetworkProjectConfigImporterEditor.cs",131,6,5,2,"ScriptedImporterEditor","","NetworkProjectConfigImporter; LogSettingsDrawer; FusionEditorGUI; EditorGUI; NetworkPrefabsInspector; EnabledScope; NetworkProjectConfigUtilities; EditorUtility"
"NetworkProjectConfigImporter","Fusion.Editor","class","NetworkProjectConfigImporter.cs",225,5,9,0,"ScriptedImporter","","NetworkAssetSourceFactory; AssetDatabaseUtils; AssetDatabase; NetworkAssetSourceFactoryContext; FusionCustomDependency"
"Postprocessor","Fusion.Editor","class","NetworkProjectConfigImporter.cs",57,2,0,0,"AssetPostprocessor","","AssetDatabase"
"NetworkPrefabsInspector","Fusion.Editor","class","NetworkPrefabsInspector.cs",287,4,1,0,"EditorWindow","","Grid; EditorGUI; FusionGridItem; AssetDatabase; NetworkProjectConfigUtilities; LoadState; GridItem; Column; FusionEditorSkin; FusionEditorGUI; ContentColorScope; INetworkPrefabSourceDrawer; EditorUtility; FusionGrid"
"LoadState","Fusion.Editor","enum","NetworkPrefabsInspector.cs",6,0,4,0,"","",""
"InspectorTreeViewState","Fusion.Editor","class","NetworkPrefabsInspector.cs",5,0,2,0,"TreeViewState","",""
"GridItem","Fusion.Editor","class","NetworkPrefabsInspector.cs",53,1,2,8,"FusionGridItem","","AssetDatabase; NetworkProjectConfigUtilities; LoadState"
"Grid","Fusion.Editor","class","NetworkPrefabsInspector.cs",179,5,2,0,"FusionGrid","","GridItem; Column; FusionEditorSkin; LoadState; FusionEditorGUI; ContentColorScope; EditorGUI; INetworkPrefabSourceDrawer; EditorUtility"
"FusionWeaverTriggerImporter","Fusion.Editor","class","FusionWeaverTriggerImporter.cs",57,1,4,0,"ScriptedImporter","","NetworkProjectConfigImporter; ILWeaverUtils; FusionCustomDependency; EditorApplication; NetworkProjectConfigUtilities"
"Postprocessor","Fusion.Editor","class","FusionWeaverTriggerImporter.cs",10,1,0,0,"AssetPostprocessor","","NetworkProjectConfigImporter"
