From,RelationType,To
"FusionGlobalScriptableObjectAddressAttribute",hereda,"FusionGlobalScriptableObjectSourceAttribute"
"FusionGlobalScriptableObjectResourceAttribute",hereda,"FusionGlobalScriptableObjectSourceAttribute"
"FusionCoroutine",implementa,"ICoroutine"
"FusionCoroutine",implementa,"IDisposable"
"FusionLogInitializer",usa,"FusionUnityLogger"
"FusionUnityLogger",hereda,"FusionUnityLoggerBase"
"FusionUnityLogger",usa,"Stage"
"JsonUtilityExtensions",usa,"TypeNameWrapper"
"FusionMppm",usa,"FusionMppmStatus"
"FusionMppm",usa,"FusionMppmCommand"
"NetworkObjectBaker",usa,"TransformPath"
"NetworkObjectBaker",usa,"TransformPathCache"
"NetworkObjectBaker",usa,"Result"
"NetworkObjectBaker",usa,"_Indices"
"TransformPath",usa,"_Indices"
"TransformPathCache",implementa,"IComparer"
"TransformPathCache",implementa,"IEqualityComparer"
"TransformPathCache",usa,"TransformPath"
"NetworkPrefabSourceStatic",hereda,"NetworkAssetSourceStatic"
"NetworkPrefabSourceStatic",implementa,"INetworkPrefabSource"
"NetworkPrefabSourceStaticLazy",hereda,"NetworkAssetSourceStaticLazy"
"NetworkPrefabSourceStaticLazy",implementa,"INetworkPrefabSource"
"NetworkPrefabSourceResource",hereda,"NetworkAssetSourceResource"
"NetworkPrefabSourceResource",implementa,"INetworkPrefabSource"
"FusionStatisticsHelper",usa,"RenderSimStats"
"FusionStatsGraphBase",hereda,"MonoBehaviour"
"FusionStatsGraphBase",usa,"FusionStatBuffer"
"FusionStatsGraphBase",usa,"FusionStatistics"
"SceneEqualityComparer",implementa,"IEqualityComparer"
"NetworkRunnerVisibilityExtensions",usa,"IRunnerVisibilityRecognizedType"
"NetworkRunnerVisibilityExtensions",usa,"RunnerVisibility"
"NetworkRunnerVisibilityExtensions",usa,"RunnerVisibilityLink"
"NetworkRunnerVisibilityExtensions",usa,"RunnerVisibilityLinksRoot"
"NetworkRunnerVisibilityExtensions",usa,"EnableOnSingleRunner"
"NetworkRunnerVisibilityExtensions",usa,"PreferredRunners"
"RunnerVisibility",usa,"RunnerVisibilityLink"
"VfxController",hereda,"MonoBehaviour"
"DropdownController",hereda,"MonoBehaviour"
"DropdownController",usa,"VfxController"
"DebugColisionesFull",hereda,"MonoBehaviour"
"CollisionDetector",hereda,"MonoBehaviour"
"DesactivarPorTimer",hereda,"MonoBehaviour"
"UnitView",hereda,"MonoBehaviour"
"UnitView",usa,"UnitModel"
"UnitView",usa,"IndicatorEntry"
"UnitView",usa,"IndicatorType"
"UnitView",usa,"UnitSpecialization"
"IUnitState",usa,"UnitController"
"TriggerCorregir",usa,"RedesSceneCreator"
"Physics2DMigrator",usa,"AssetDatabase"
"Physics2DMigrator",usa,"EditorApplication"
"HierarchyToClipboardMenu",usa,"EditorUtility"
"HierarchyToClipboardMenu",usa,"SerializedProperty"
"CreateTestSceneMenu",usa,"GameManager"
"CreateTestSceneMenu",usa,"DebugLogger"
"CreateTestSceneMenu",usa,"GameLoopReferee"
"CreateTestSceneMenu",usa,"BulletPool"
"CreateTestSceneMenu",usa,"AssetDatabase"
"CreateTestSceneMenu",usa,"Bullet"
"CreateTestSceneMenu",usa,"PlayerModel"
"CreateTestSceneMenu",usa,"PlayerView"
"CreateTestSceneMenu",usa,"PlayerController"
"CreateTestSceneMenu",usa,"Weapon"
"CreateTestSceneMenu",usa,"SimpleEnemyAI"
"CreateScenesAndPrefabsMenu",usa,"AssetDatabase"
"CreateScenesAndPrefabsMenu",usa,"Bullet"
"CreateScenesAndPrefabsMenu",usa,"PlayerModel"
"CreateScenesAndPrefabsMenu",usa,"PlayerView"
"CreateScenesAndPrefabsMenu",usa,"PlayerController"
"CreateScenesAndPrefabsMenu",usa,"SimpleAnimator"
"CreateScenesAndPrefabsMenu",usa,"FloatingHealthBar"
"CreateScenesAndPrefabsMenu",usa,"Weapon"
"CreateScenesAndPrefabsMenu",usa,"GameManager"
"CreateScenesAndPrefabsMenu",usa,"DebugLogger"
"CreateScenesAndPrefabsMenu",usa,"GameLoopReferee"
"CreateScenesAndPrefabsMenu",usa,"BulletPool"
"CreateScenesAndPrefabsMenu",usa,"EffectPool"
"CreateScenesAndPrefabsMenu",usa,"ScreenManager"
"CreateScenesAndPrefabsMenu",usa,"SerializedProperty"
"ComponentPropertiesCopierTestMenu",usa,"ComponentPropertiesCopier"
"ComponentPropertiesCopier",usa,"SerializedProperty"
"FloatingHealthBar",hereda,"MonoBehaviour"
"FloatingHealthBar",usa,"PlayerModel"
"EffectPool",hereda,"MonoBehaviour"
"EffectPool",usa,"ImpactEffect"
"EffectPool",usa,"ProceduralAudioGenerator"
"LogEntry",usa,"LogCategory"
"DebugLogger",hereda,"MonoBehaviour"
"DebugLogger",usa,"LogEntry"
"DebugLogger",usa,"LogCategory"
"DebugLogger",usa,"EventBus"
"BulletPool",hereda,"MonoBehaviour"
"BulletPool",usa,"Bullet"
"Bullet",hereda,"MonoBehaviour"
"Bullet",usa,"EventBus"
"Bullet",usa,"PlayerModel"
"Bullet",usa,"EffectPool"
"Bullet",usa,"BulletPool"
"IDetectable",usa,"DetectableType"
"DetectableEntity",hereda,"MonoBehaviour"
"DetectableEntity",implementa,"IDetectable"
"DetectableEntity",usa,"DetectableType"
"SquadEventBus",usa,"UnitController"
"WeaponControllerMVC",usa,"WeaponModel"
"WeaponControllerMVC",usa,"WeaponView"
"WeaponControllerMVC",usa,"IWeaponInput"
"UnityWeaponInput",implementa,"IWeaponInput"
"UnityCharacterInput",implementa,"ICharacterInput"
"FusionNetworkObjectStatistics",hereda,"MonoBehaviour"
"FusionNetworkObjectStatistics",usa,"FusionStatistics"
"RunnerVisibilityLinksRoot",hereda,"MonoBehaviour"
"RunnerVisibilityLink",hereda,"MonoBehaviour"
"RunnerVisibilityLink",usa,"PreferredRunners"
"RunnerVisibilityLink",usa,"ComponentType"
"RunnerVisibilityLink",usa,"NetworkRunnerVisibilityExtensions"
"RunnerLagCompensationGizmos",hereda,"Behaviour"
"RunnerEnableVisibility",hereda,"Behaviour"
"RunnerEnableVisibility",implementa,"INetworkRunnerCallbacks"
"RunnerAOIGizmos",hereda,"SimulationBehaviour"
"EnableOnSingleRunner",hereda,"Behaviour"
"EnableOnSingleRunner",usa,"RunnerVisibilityLink"
"EnableOnSingleRunner",usa,"PreferredRunners"
"NetworkSceneManagerDefault",hereda,"Behaviour"
"NetworkSceneManagerDefault",implementa,"INetworkSceneManager"
"NetworkSceneManagerDefault",usa,"FusionUnitySceneManagerUtils"
"NetworkSceneManagerDefault",usa,"SceneEqualityComparer"
"NetworkSceneManagerDefault",usa,"MultiPeerSceneRoot"
"NetworkSceneManagerDefault",usa,"FusionCoroutine"
"NetworkSceneManagerDefault",usa,"LoadingScope"
"MultiPeerSceneRoot",hereda,"MonoBehaviour"
"LoadingScope",implementa,"IDisposable"
"LoadingScope",usa,"NetworkSceneManagerDefault"
"NetworkObjectProviderDefault",hereda,"Behaviour"
"NetworkObjectProviderDefault",implementa,"INetworkObjectProvider"
"NetworkCCData",implementa,"INetworkStruct"
"NetworkCharacterController",hereda,"NetworkTRSP"
"NetworkCharacterController",implementa,"INetworkTRSPTeleport"
"NetworkCharacterController",implementa,"IBeforeAllTicks"
"NetworkCharacterController",implementa,"IAfterAllTicks"
"NetworkCharacterController",implementa,"IBeforeCopyPreviousState"
"NetworkCharacterController",usa,"NetworkCCData"
"FusionBootstrapDebugGUI",hereda,"Behaviour"
"FusionBootstrapDebugGUI",usa,"FusionBootstrap"
"FusionBootstrapDebugGUI",usa,"Stage"
"FusionBootstrapDebugGUI",usa,"FusionScalableIMGUI"
"FusionBootstrap",hereda,"Behaviour"
"FusionBootstrap",usa,"FusionMppmCommand"
"FusionBootstrap",usa,"StartCommand"
"FusionBootstrap",usa,"StartModes"
"FusionBootstrap",usa,"Stage"
"FusionBootstrap",usa,"State"
"FusionBootstrap",usa,"FusionBootstrapDebugGUI"
"FusionBootstrap",usa,"FusionMppm"
"FusionBootstrap",usa,"FusionMppmStatus"
"FusionBootstrap",usa,"NetworkSceneManagerDefault"
"FusionBootstrap",usa,"NetworkObjectProviderDefault"
"StartCommand",hereda,"FusionMppmCommand"
"FusionBasicBillboard",hereda,"Behaviour"
"FusionAddressablePrefabsPreloader",hereda,"MonoBehaviour"
"GlobalLogicTests",usa,"DebugLogger"
"GlobalLogicTests",usa,"GameManager"
"GlobalLogicTests",usa,"EventBus"
"GlobalLogicTests",usa,"GameLoopReferee"
"GlobalLogicTests",usa,"BulletPool"
"GlobalLogicTests",usa,"Bullet"
"GlobalLogicTests",usa,"LocalNetworkMock"
"GlobalLogicTests",usa,"PlayerModel"
"GlobalLogicTests",usa,"PlayerView"
"GlobalLogicTests",usa,"PlayerController"
"RedesSceneLinker",usa,"HostNetworkService"
"RedesSceneLinker",usa,"PlayerSpawner"
"RedesSceneLinker",usa,"GameFlowController"
"RedesSceneLinker",usa,"MatchController"
"RedesSceneLinker",usa,"PlayerController"
"RedesSceneLinker",usa,"MatchNetworkController"
"RedesSceneLinker",usa,"LobbyView"
"RedesSceneLinker",usa,"GameHudView"
"RedesSceneLinker",usa,"ResultView"
"RedesSceneLinker",usa,"AssetDatabase"
"RedesSceneLinker",usa,"RedesPrefabCreator"
"RedesSceneLinker",usa,"EntityDisplayManager"
"RedesSceneLinker",usa,"EntityDisplayView"
"RedesSceneLinker",usa,"GameEventBus"
"RedesSceneLinker",usa,"PlayerHealth"
"RedesSceneLinker",usa,"PlayerShooting"
"RedesSceneLinker",usa,"AmmoSystem"
"RedesSceneLinker",usa,"PlayerAnimationController"
"RedesSceneLinker",usa,"EditorUtility"
"RedesSceneCreator",usa,"TerrainController"
"RedesSceneCreator",usa,"AssetDatabase"
"RedesSceneCreator",usa,"HostNetworkService"
"RedesSceneCreator",usa,"PlayerSpawner"
"RedesSceneCreator",usa,"MatchNetworkController"
"RedesSceneCreator",usa,"GameFlowController"
"RedesSceneCreator",usa,"MatchController"
"RedesSceneCreator",usa,"PlayerController"
"RedesSceneCreator",usa,"EntityDisplayManager"
"RedesSceneCreator",usa,"VFXManager"
"RedesSceneCreator",usa,"LobbyView"
"RedesSceneCreator",usa,"GameHudView"
"RedesSceneCreator",usa,"ResultView"
"RedesSceneCreator",usa,"RedesPrefabCreator"
"RedesSceneCreator",usa,"RedesSceneLinker"
"RedesPrefabCreator",usa,"AssetDatabase"
"RedesPrefabCreator",usa,"GameEventBus"
"RedesPrefabCreator",usa,"NetworkPlayer"
"RedesPrefabCreator",usa,"PlayerMovement"
"RedesPrefabCreator",usa,"PlayerShooting"
"RedesPrefabCreator",usa,"PlayerHealth"
"RedesPrefabCreator",usa,"AmmoSystem"
"RedesPrefabCreator",usa,"PlayerAnimationController"
"RedesPrefabCreator",usa,"PlayerEventBus"
"RedesPrefabCreator",usa,"Projectile"
"RedesPrefabCreator",usa,"EntityDisplayView"
"RedesBuildAll",usa,"RedesSceneCreator"
"RedesBuildAll",usa,"RedesPrefabCreator"
"RedesBuildAll",usa,"RedesSceneLinker"
"RedesBuildAll",usa,"EditorApplication"
"Projectile",hereda,"NetworkBehaviour"
"Projectile",usa,"GameConstants"
"Projectile",usa,"RedesLog"
"Projectile",usa,"IDamageable"
"Projectile",usa,"NetworkPlayer"
"TerrainController",hereda,"MonoBehaviour"
"TerrainController",usa,"TerrainModel"
"TerrainController",usa,"TerrainView"
"PlayerController",hereda,"MonoBehaviour"
"PlayerController",usa,"GameHudView"
"PlayerController",usa,"PlayerModel"
"PlayerController",usa,"NetworkPlayer"
"PlayerController",usa,"GameConstants"
"MatchController",hereda,"MonoBehaviour"
"MatchController",usa,"ResultView"
"MatchController",usa,"MatchNetworkController"
"MatchController",usa,"MatchResult"
"MatchController",usa,"RedesLog"
"GameFlowController",hereda,"MonoBehaviour"
"GameFlowController",usa,"HostNetworkService"
"GameFlowController",usa,"LobbyView"
"GameFlowController",usa,"GameHudView"
"GameFlowController",usa,"MatchController"
"GameFlowController",usa,"GameStateModel"
"GameFlowController",usa,"INetworkService"
"GameFlowController",usa,"RedesLog"
"GameFlowController",usa,"GameConstants"
"GameFlowController",usa,"GamePhase"
"GameFlowController",usa,"ResultView"
"GameFlowController",usa,"MatchResult"
"EntityDisplayManager",hereda,"MonoBehaviour"
"EntityDisplayManager",usa,"EntityDisplayView"
"EntityDisplayManager",usa,"NetworkPlayer"
"EntityDisplayManager",usa,"IEntityDisplayModel"
"EntityDisplayManager",usa,"RedesLog"
"UnitPathRenderer",hereda,"MonoBehaviour"
"UnitPathRenderer",usa,"UnitController"
"UnitPathRenderer",usa,"UnitFSM"
"UnitPathRenderer",usa,"State"
"UnitModel",hereda,"MonoBehaviour"
"UnitModel",implementa,"IHealth"
"UnitModel",usa,"UnitTeam"
"UnitModel",usa,"UnitSpecialization"
"UnitModel",usa,"Destruible"
"UnitController",hereda,"MonoBehaviour"
"UnitController",implementa,"IDaniable"
"UnitController",implementa,"IDetectable"
"UnitController",usa,"RevivalBarView"
"UnitController",usa,"DamagedState"
"UnitController",usa,"GEN_Inputs"
"UnitController",usa,"SeguirFormacionState"
"UnitController",usa,"AtacarState"
"UnitController",usa,"PerseguirState"
"UnitController",usa,"RevivingState"
"UnitController",hereda,"MonoBehaviour"
"UnitController",implementa,"IDaniable"
"UnitController",implementa,"IDetectable"
"UnitController",usa,"UnitModel"
"UnitController",usa,"UnitView"
"UnitController",usa,"IA_P2_AgentIA"
"UnitController",usa,"Disparador"
"UnitController",usa,"GenericDetector"
"UnitController",usa,"DetectableType"
"UnitController",usa,"UnitTeam"
"UnitController",usa,"Enemigo"
"UnitController",usa,"EsperandoState"
"UnitController",usa,"UnitSpecialization"
"UnitController",usa,"SquadEventBus"
"UnitController",usa,"AtacarState"
"UnitController",usa,"PerseguirState"
"UnitController",usa,"IndicatorType"
"UnitController",usa,"IrADestinoState"
"UnitController",usa,"IUnitState"
"UnitController",usa,"LiderandoState"
"UnitController",usa,"RevivingState"
"UnitController",usa,"GlobalData"
"UnitController",usa,"SeguirFormacionState"
"UnitController",usa,"DamagedState"
"UnitCommander",hereda,"MonoBehaviour"
"UnitCommander",usa,"GEN_Inputs"
"UnitCommander",usa,"LeaderManager"
"UnitCommander",usa,"UnitController"
"UnitCommander",usa,"SeguirFormacionState"
"UnitCommander",usa,"UnitTeam"
"UnitCommander",usa,"IrADestinoState"
"UnitCommander",usa,"EsperandoState"
"UnitCommander",usa,"PerseguirState"
"TickManager",hereda,"MonoBehaviour"
"ShotSensor",hereda,"MonoBehaviour"
"ShotSensor",usa,"UnitController"
"ShotSensor",usa,"Bala"
"RevivingState",implementa,"IUnitState"
"RevivingState",usa,"UnitController"
"RevivingState",usa,"IndicatorType"
"RevivingState",usa,"SeguirFormacionState"
"RevivalSystemSetup",hereda,"MonoBehaviour"
"RevivalBarView",hereda,"MonoBehaviour"
"RevivalBarView",usa,"UnitController"
"RehenBruto",hereda,"MonoBehaviour"
"RehenBruto",usa,"IA_P2_AgentIA"
"RehenBruto",usa,"GlobalData"
"PositionManager",hereda,"MonoBehaviour"
"PositionManager",usa,"GlobalData"
"PositionManager",usa,"UnitController"
"PositionManager",usa,"UnitTeam"
"PositionManager",usa,"EsperandoState"
"PositionManager",usa,"SeguirFormacionState"
"Municion",hereda,"MonoBehaviour"
"Rigidbody2DMovementHandler",hereda,"MonoBehaviour"
"Rigidbody2DMovementHandler",implementa,"IMovementHandler"
"Rigidbody2DMovementHandler",usa,"BD_Audios"
"MovementProxy",usa,"IMovable"
"ShootingProxy",usa,"IAttackable"
"PersecucionEnemigo",hereda,"MonoBehaviour"
"PersecucionEnemigo",usa,"Enemigo"
"IA_P2_BusEvent_Manager",hereda,"MonoBehaviour"
"IA_P2_BusEvent_Manager",usa,"IA_P2_FSM"
"CrearYDestruir",hereda,"MonoBehaviour"
"AutoDestruccionSegura",hereda,"MonoBehaviour"
"Soldado_Anim",hereda,"MonoBehaviour"
"Soldado_Anim",usa,"BD_Audios"
"CambiarOpacidad",hereda,"MonoBehaviour"
"WeaponView",hereda,"MonoBehaviour"
"WeaponView",usa,"CambiarOpacidad"
"WeaponView",usa,"Proyectil"
"WeaponView",usa,"InformacionPersonaje"
"WeaponView",usa,"WeaponModel"
"WeaponView",usa,"Bala"
"WeaponView",usa,"BD_Audios"
"WeaponController",hereda,"MonoBehaviour"
"WeaponController",usa,"WeaponModel"
"WeaponController",usa,"WeaponView"
"WeaponController",usa,"IWeaponInput"
"WeaponController",usa,"WeaponControllerMVC"
"WeaponController",usa,"UnityWeaponInput"
"Proyectil2",hereda,"MonoBehaviour"
"Proyectil",hereda,"MonoBehaviour"
"Proyectil",usa,"Manager_VFX"
"Proyectil",usa,"IDaniable"
"Proyectil",usa,"InformacionPersonaje"
"Proyectil",usa,"Enemigo"
"Cohete",hereda,"MonoBehaviour"
"Cohete",usa,"IDaniable"
"VibracionCamara",hereda,"MonoBehaviour"
"VibracionCamara",usa,"ConfiguracionGlobal"
"UnitFSM",hereda,"MonoBehaviour"
"UnitFSM",usa,"State"
"UnitFSM",usa,"UnitController"
"UnitFSM",usa,"TickManager"
"CambioDeLider",hereda,"MonoBehaviour"
"Weapon",hereda,"MonoBehaviour"
"Weapon",usa,"PlayerModel"
"Weapon",usa,"PlayerView"
"Weapon",usa,"EventBus"
"Weapon",usa,"Bullet"
"Weapon",usa,"BulletPool"
"SimpleEnemyAI",hereda,"MonoBehaviour"
"SimpleEnemyAI",usa,"PlayerModel"
"SimpleEnemyAI",usa,"Weapon"
"SimpleEnemyAI",usa,"PlayerView"
"SimpleEnemyAI",usa,"PlayerController"
"SimpleEnemyAI",usa,"EventBus"
"SimpleAnimator",hereda,"MonoBehaviour"
"ScreenManager",hereda,"MonoBehaviour"
"ScreenManager",usa,"EventBus"
"ScreenManager",usa,"LocalNetworkMock"
"ScreenManager",usa,"RoomData"
"PlayerView",hereda,"MonoBehaviour"
"PlayerView",usa,"PlayerModel"
"PlayerView",usa,"SimpleAnimator"
"PlayerView",usa,"EventBus"
"PlayerView",usa,"ProceduralAudioGenerator"
"PlayerModel",hereda,"MonoBehaviour"
"PlayerModel",usa,"EventBus"
"PlayerController",hereda,"MonoBehaviour"
"PlayerController",usa,"PlayerModel"
"PlayerController",usa,"PlayerView"
"PlayerController",usa,"Weapon"
"PlayerController",usa,"LocalNetworkMock"
"PlayerController",usa,"EventBus"
"LocalNetworkMock",usa,"RoomData"
"ImpactEffect",hereda,"MonoBehaviour"
"GameManager",hereda,"MonoBehaviour"
"GameManager",usa,"EventBus"
"GameManager",usa,"PlayerModel"
"GameManager",usa,"LocalNetworkMock"
"GameManager",usa,"FloatingHealthBar"
"GameLoopReferee",hereda,"MonoBehaviour"
"GameLoopReferee",usa,"PlayerModel"
"GameLoopReferee",usa,"PlayerController"
"GameLoopReferee",usa,"SimpleEnemyAI"
"GameLoopReferee",usa,"GameManager"
"CharacterView",hereda,"MonoBehaviour"
"IA_P2_ST_SearchingState",implementa,"IA_P2_INT_gentState"
"IA_P2_ST_SearchingState",usa,"IA_P2_FSM"
"IA_P2_ST_SearchingState",usa,"AgentState"
"IA_P2_ST_SearchingState",usa,"IA_P2_LineOfSight3D"
"IA_P2_ST_ReturningToPatrolState",implementa,"IA_P2_INT_gentState"
"IA_P2_ST_ReturningToPatrolState",usa,"IA_P2_FSM"
"IA_P2_ST_ReturningToPatrolState",usa,"AgentState"
"IA_P2_ST_PatrolState",implementa,"IA_P2_INT_gentState"
"IA_P2_ST_PatrolState",usa,"IA_P2_FSM"
"IA_P2_ST_PatrolState",usa,"AgentState"
"IA_P2_ST_ChaseState",implementa,"IA_P2_INT_gentState"
"IA_P2_ST_ChaseState",usa,"IA_P2_FSM"
"IA_P2_ST_ChaseState",usa,"AgentState"
"IA_P2_ST_ChaseState",usa,"IA_P2_LineOfSight3D"
"IA_P2_PathfindingManager",usa,"IA_P2_PathNode"
"IA_P2_PathfindingManager",usa,"IA_P2_PathfindingModel"
"IA_P2_PathfindingManager",usa,"FinalPathResult"
"IA_P2_PathfindingManager",usa,"NodeDistance"
"IA_P2_PathfindingManager",usa,"IA_P2_LineOfSight3D"
"IA_P2_PathfindingManager",usa,"AStarResult"
"IA_P2_PathfindingManager",usa,"ThetaStarResult"
"AStarResult",usa,"IA_P2_PathNode"
"NodeDistance",usa,"IA_P2_PathNode"
"IA_P2_INT_gentState",usa,"IA_P2_FSM"
"IA_P2_FSM",hereda,"MonoBehaviour"
"IA_P2_FSM",usa,"IA_P2_AgentIA"
"IA_P2_FSM",usa,"AgentState"
"IA_P2_FSM",usa,"IA_P2_INT_gentState"
"IA_P2_FSM",usa,"IA_P2_FOV"
"IA_P2_FSM",usa,"IA_P2_ST_PatrolState"
"IA_P2_FSM",usa,"IA_P2_ST_ChaseState"
"IA_P2_FSM",usa,"IA_P2_ST_SearchingState"
"IA_P2_FSM",usa,"IA_P2_ST_ReturningToPatrolState"
"IA_P2_FSM",usa,"IA_P2_BusEvent_Manager"
"IA_P2_FOV",hereda,"MonoBehaviour"
"IA_P2_FOV",usa,"IA_P2_LineOfSight3D"
"IA_F_PathFinding_Theta",usa,"IA_P2_LineOfSight3D"
"IA_F_EnemyCercanos",hereda,"MonoBehaviour"
"IA_F_ControllerSeguidor",hereda,"MonoBehaviour"
"IA_F_ControllerSeguidor",usa,"IA_P2_AgentIA"
"IA_F_ControllerSeguidor",usa,"IA_F_EnemyCercanos"
"IA_F_ChangeMode",hereda,"MonoBehaviour"
"IA_F_ChangeMode",usa,"IA_P2_AgentIA"
"IA_F_ChangeMode",usa,"IA_P2_BusEvent_Manager"
"CharacterControllerMVC",usa,"CharacterModel"
"CharacterControllerMVC",usa,"CharacterView"
"CharacterControllerMVC",usa,"ICharacterInput"
"CharacterControllerMVC",usa,"IMovementHandler"
"SelectedSoldierUIFeedback",hereda,"MonoBehaviour"
"SelectedSoldierUIFeedback",usa,"UnitController"
"WeaponModel",hereda,"MonoBehaviour"
"InformacionPersonaje",hereda,"MonoBehaviour"
"InformacionPersonaje",implementa,"IHealth"
"InformacionPersonaje",usa,"WeaponController"
"InformacionPersonaje",usa,"GameManager"
"CharacterModel",hereda,"MonoBehaviour"
"CharacterModel",usa,"InformacionPersonaje"
"Tanque",hereda,"MonoBehaviour"
"Tanque",usa,"Puntero_Tanque"
"Tanque",usa,"Cohete"
"Tanque",usa,"ObjetoColisionado"
"Puntero_Tanque",hereda,"MonoBehaviour"
"Puntero_Tanque",usa,"Tanque"
"PlayerController",hereda,"MonoBehaviour"
"PlayerController",usa,"CharacterModel"
"PlayerController",usa,"CharacterView"
"PlayerController",usa,"Rigidbody2DMovementHandler"
"PlayerController",usa,"ICharacterInput"
"PlayerController",usa,"UnityCharacterInput"
"PlayerController",usa,"BD_Audios"
"EntrarAlTanque",hereda,"MonoBehaviour"
"EntrarAlTanque",usa,"ControladorTanque"
"Enemigo",hereda,"MonoBehaviour"
"Enemigo",usa,"GameManager"
"ControladorTanque",hereda,"MonoBehaviour"
"ControladorTanque",usa,"EntrarAlTanque"
"ControladorTanque",usa,"Proyectil"
"ControladorTanque",usa,"Bala"
"ControladorTanque",usa,"BD_Audios"
"GenericDetector",hereda,"MonoBehaviour"
"GenericDetector",usa,"DetectableType"
"GenericDetector",usa,"IDetectable"
"GameManager",hereda,"MonoBehaviour"
"GameManager",usa,"Enemigo"
"FormationRelocator",hereda,"MonoBehaviour"
"FormationRelocator",usa,"GlobalData"
"EnemyView",hereda,"MonoBehaviour"
"EnemyView",usa,"EnemyModel"
"EnemyModel",hereda,"MonoBehaviour"
"EnemyModel",implementa,"IHealth"
"Disparador",hereda,"MonoBehaviour"
"Disparador",usa,"Manager_VFX"
"Disparador",usa,"BD_Audios"
"Disparador",usa,"BalaPool"
"Disparador",usa,"Bala"
"Destruible",hereda,"MonoBehaviour"
"Destruible",implementa,"IDaniable"
"Destruible",usa,"UnitController"
"DamagedState",implementa,"IUnitState"
"DamagedState",usa,"DamagedStateHandler"
"DamagedState",usa,"UnitController"
"DamagedState",usa,"IDetectable"
"DamagedStateHandler",hereda,"MonoBehaviour"
"DamagedStateHandler",usa,"UnitController"
"CursorManager",hereda,"MonoBehaviour"
"CursorManager",usa,"IInteractable"
"CursorManager",usa,"IDaniable"
"ControlDerrota",hereda,"MonoBehaviour"
"ControlDerrota",usa,"LeaderManager"
"BalaPool",hereda,"MonoBehaviour"
"BalaPool",usa,"Bala"
"Bala",hereda,"MonoBehaviour"
"Bala",implementa,"IDetectable"
"Bala",usa,"DetectableType"
"Bala",usa,"Proyectil"
"Bala",usa,"CursorManager"
"Bala",usa,"IDaniable"
"Bala",usa,"UnitController"
"Bala",usa,"CoroutineHelper"
"Bala",usa,"Manager_VFX"
"Bala",usa,"BD_Audios"
"Bala",usa,"UnitTeam"
"Bala",usa,"BalaPool"
"AmmoManager",hereda,"MonoBehaviour"
"AmmoManager",usa,"UnitController"
"AmmoManager",usa,"UnitModel"
"PlayerShooting",hereda,"NetworkBehaviour"
"PlayerShooting",usa,"AmmoSystem"
"PlayerShooting",usa,"GameEventBus"
"PlayerShooting",usa,"GameConstants"
"PlayerShooting",usa,"PlayerEventBus"
"PlayerShooting",usa,"Projectile"
"PlayerShooting",usa,"RedesLog"
"PlayerMovement",hereda,"NetworkBehaviour"
"PlayerMovement",usa,"GameConstants"
"PlayerMovement",usa,"PlayerEventBus"
"PlayerMovement",usa,"NetworkInputData"
"PlayerHealth",hereda,"NetworkBehaviour"
"PlayerHealth",implementa,"IDamageable"
"PlayerHealth",usa,"GameConstants"
"PlayerHealth",usa,"GameEventBus"
"PlayerHealth",usa,"PlayerEventBus"
"PlayerHealth",usa,"RedesLog"
"PlayerHealth",usa,"VFXManager"
"PlayerEventBus",hereda,"MonoBehaviour"
"PlayerAnimationController",hereda,"NetworkBehaviour"
"PlayerAnimationController",usa,"PlayerMovement"
"PlayerAnimationController",usa,"PlayerHealth"
"PlayerAnimationController",usa,"PlayerShooting"
"PlayerAnimationController",usa,"VFXManager"
"NetworkPlayer",hereda,"NetworkBehaviour"
"NetworkPlayer",implementa,"IEntityDisplayModel"
"NetworkPlayer",usa,"GameConstants"
"NetworkPlayer",usa,"RedesLog"
"NetworkPlayer",usa,"PlayerMovement"
"NetworkPlayer",usa,"PlayerShooting"
"NetworkPlayer",usa,"PlayerHealth"
"NetworkPlayer",usa,"AmmoSystem"
"NetworkPlayer",usa,"PlayerAnimationController"
"NetworkPlayer",usa,"PlayerEventBus"
"NetworkPlayer",usa,"GameFlowController"
"NetworkPlayer",usa,"PlayerController"
"NetworkPlayer",usa,"NetworkInputData"
"NetworkPlayer",usa,"InputButton"
"AmmoSystem",hereda,"NetworkBehaviour"
"AmmoSystem",usa,"GameConstants"
"AmmoSystem",usa,"GameEventBus"
"AmmoSystem",usa,"PlayerEventBus"
"AmmoSystem",usa,"RedesLog"
"VFXManager",hereda,"MonoBehaviour"
"TerrainView",hereda,"MonoBehaviour"
"ResultView",hereda,"MonoBehaviour"
"ResultView",usa,"MatchResult"
"ResultView",usa,"RedesLog"
"LobbyView",hereda,"MonoBehaviour"
"LobbyView",usa,"GameConstants"
"LobbyView",usa,"RedesLog"
"GameHudView",hereda,"MonoBehaviour"
"EntityDisplayView",hereda,"MonoBehaviour"
"TriggerEventAndDestroy",hereda,"MonoBehaviour"
"MenuPausa",hereda,"MonoBehaviour"
"MarkerAnim",hereda,"MonoBehaviour"
"Manager_VFX",hereda,"MonoBehaviour"
"MainGameController",hereda,"MonoBehaviour"
"MainGameController",usa,"LeaderManager"
"MainGameController",usa,"GlobalData"
"MainGameController",usa,"UnitModel"
"MainGameController",usa,"UnitSpecialization"
"MainGameController",usa,"UnitFSM"
"LiderandoState",implementa,"IUnitState"
"LiderandoState",usa,"UnitController"
"LiderandoState",usa,"UnitSpecialization"
"LiderandoState",usa,"LeaderManager"
"LiderandoState",usa,"GEN_Inputs"
"LiderandoState",usa,"CursorManager"
"SeguirFormacionState",implementa,"IUnitState"
"SeguirFormacionState",usa,"UnitController"
"SeguirFormacionState",usa,"GlobalData"
"SeguirFormacionState",usa,"EsperandoState"
"SeguirFormacionState",usa,"DetectableType"
"SeguirFormacionState",usa,"Enemigo"
"SeguirFormacionState",usa,"AtacarState"
"AtacarState",implementa,"IUnitState"
"AtacarState",usa,"UnitController"
"AtacarState",usa,"IndicatorType"
"AtacarState",usa,"UnitTeam"
"AtacarState",usa,"SeguirFormacionState"
"AtacarState",usa,"EsperandoState"
"AtacarState",usa,"PerseguirState"
"PerseguirState",implementa,"IUnitState"
"PerseguirState",usa,"UnitController"
"PerseguirState",usa,"IndicatorType"
"PerseguirState",usa,"UnitTeam"
"PerseguirState",usa,"SeguirFormacionState"
"PerseguirState",usa,"EsperandoState"
"PerseguirState",usa,"AtacarState"
"EsperandoState",implementa,"IUnitState"
"EsperandoState",usa,"UnitController"
"EsperandoState",usa,"IndicatorType"
"EsperandoState",usa,"SeguirFormacionState"
"HuirDetrasLiderState",implementa,"IUnitState"
"HuirDetrasLiderState",usa,"UnitController"
"HuirDetrasLiderState",usa,"GlobalData"
"HuirDetrasLiderState",usa,"SeguirFormacionState"
"IrADestinoState",implementa,"IUnitState"
"IrADestinoState",usa,"UnitController"
"IrADestinoState",usa,"IndicatorType"
"IrADestinoState",usa,"EsperandoState"
"LeaderManager",hereda,"MonoBehaviour"
"LeaderManager",usa,"UnitController"
"LeaderManager",usa,"UnitSpecialization"
"LeaderManager",usa,"GEN_Inputs"
"LeaderManager",usa,"GlobalData"
"LeaderManager",usa,"MainGameController"
"LeaderManager",usa,"SeguirFormacionState"
"LeaderManager",usa,"LiderandoState"
"InteractableItem",hereda,"MonoBehaviour"
"InteractableItem",implementa,"IInteractable"
"InteractableItem",usa,"UnitController"
"InteractableItem",usa,"UnitTeam"
"InteractableItem",usa,"BD_Audios"
"IA_P2_PathNode",hereda,"MonoBehaviour"
"IA_P2_PathNode",usa,"IA_P2_PathfindingModel"
"IA_P2_PathfindingModel",hereda,"MonoBehaviour"
"IA_P2_PathfindingModel",usa,"IA_P2_PathNode"
"IA_P2_PathfindingModel",usa,"IA_P2_LineOfSight3D"
"IA_P2_AgentIA",hereda,"MonoBehaviour"
"IA_P2_AgentIA",usa,"UnitModel"
"IA_P2_AgentIA",usa,"IA_P2_PathfindingModel"
"IA_P2_AgentIA",usa,"IA_P2_PathfindingManager"
"IA_P2_AgentIA",usa,"IA_F_PathFinding_Theta"
"GlobalHUD",hereda,"MonoBehaviour"
"GlobalHUD",usa,"LeaderManager"
"GlobalData",usa,"UnitController"
"GEN_Inputs",hereda,"MonoBehaviour"
"GEN_Inputs",usa,"Destruible"
"FusionRunnerVisibilityControlsWindow",hereda,"EditorWindow"
"FusionRunnerVisibilityControlsWindow",usa,"RunnerEnableVisibility"
"FusionRunnerVisibilityControlsWindow",usa,"NetworkRunnerVisibilityExtensions"
"FusionRunnerVisibilityControlsWindow",usa,"EditorGUIUtility"
"FusionRunnerVisibilityControlsWindow",usa,"Labels"
"FusionRunnerVisibilityControlsWindow",usa,"FusionEditorSkin"
"FusionRunnerVisibilityControlsWindow",usa,"FusionStatistics"
"FusionRunnerVisibilityControlsWindow",usa,"EditorGUI"
"FusionRunnerVisibilityControlsWindow",usa,"DisabledGroupScope"
"FusionRunnerVisibilityControlsWindow",usa,"Event"
"FusionRunnerVisibilityControlsWindow",usa,"CanvasAnchor"
"Labels",usa,"RunnerEnableVisibility"
"Labels",usa,"NetworkRunnerVisibilityExtensions"
"FusionEditorSkin",hereda,"ScriptableObject"
"FusionEditorSkin",usa,"EditorGUIUtility"
"FusionEditorSkin",usa,"LazyAsset"
"FusionEditorSkin",usa,"LazyGUIStyle"
"FusionEditorConfigImporter",hereda,"ScriptedImporter"
"AssetObjectEditor",hereda,"Editor"
"BehaviourEditor",hereda,"FusionEditor"
"ChangeDllManager",usa,"AssetDatabase"
"ChangeDllManager",usa,"PathUtils"
"FixedBufferPropertyAttributeDrawer",hereda,"PropertyDrawerWithErrorHandling"
"FixedBufferPropertyAttributeDrawer",usa,"SurrogatePool"
"FixedBufferPropertyAttributeDrawer",usa,"SerializedProperty"
"FixedBufferPropertyAttributeDrawer",usa,"EditorGUIUtility"
"FixedBufferPropertyAttributeDrawer",usa,"EditorGUI"
"FixedBufferPropertyAttributeDrawer",usa,"UnityInternal"
"FixedBufferPropertyAttributeDrawer",usa,"IndentLevelScope"
"FixedBufferPropertyAttributeDrawer",usa,"FusionEditorGUI"
"FixedBufferPropertyAttributeDrawer",usa,"LabelWidthScope"
"FixedBufferPropertyAttributeDrawer",usa,"ScriptAttributeUtility"
"FixedBufferPropertyAttributeDrawer",usa,"FusionUnitySurrogateBaseWrapper"
"FixedBufferPropertyAttributeDrawer",usa,"PropertyEntry"
"FixedBufferPropertyAttributeDrawer",usa,"EditorApplication"
"SurrogatePool",usa,"FusionUnitySurrogateBaseWrapper"
"SurrogatePool",usa,"PropertyEntry"
"SurrogatePool",usa,"EditorApplication"
"SurrogatePool",usa,"SerializedProperty"
"PropertyEntry",usa,"SerializedProperty"
"PropertyEntry",usa,"FusionUnitySurrogateBaseWrapper"
"INetworkPrefabSourceDrawer",hereda,"PropertyDrawerWithErrorHandling"
"INetworkPrefabSourceDrawer",usa,"SerializedProperty"
"INetworkPrefabSourceDrawer",usa,"FusionEditorGUI"
"INetworkPrefabSourceDrawer",usa,"PropertyScopeWithPrefixLabel"
"INetworkPrefabSourceDrawer",usa,"EditorGUI"
"INetworkPrefabSourceDrawer",usa,"NetworkProjectConfigUtilities"
"INetworkPrefabSourceDrawer",usa,"NetworkPrefabRefDrawer"
"INetworkPrefabSourceDrawer",usa,"NetworkAssetSourceFactory"
"INetworkPrefabSourceDrawer",usa,"NetworkAssetSourceFactoryContext"
"INetworkPrefabSourceDrawer",usa,"EditorGUIUtility"
"NetworkBoolDrawer",hereda,"PropertyDrawer"
"NetworkBoolDrawer",usa,"SerializedProperty"
"NetworkBoolDrawer",usa,"FusionEditorGUI"
"NetworkBoolDrawer",usa,"PropertyScope"
"NetworkBoolDrawer",usa,"EditorGUI"
"NetworkObjectGuidDrawer",hereda,"PropertyDrawerWithErrorHandling"
"NetworkObjectGuidDrawer",usa,"SerializedProperty"
"NetworkObjectGuidDrawer",usa,"FusionEditorGUI"
"NetworkObjectGuidDrawer",usa,"PropertyScopeWithPrefixLabel"
"NetworkObjectGuidDrawer",usa,"EditorGUI"
"NetworkPrefabAttributeDrawer",hereda,"PropertyDrawerWithErrorHandling"
"NetworkPrefabAttributeDrawer",usa,"SerializedProperty"
"NetworkPrefabAttributeDrawer",usa,"FusionEditorGUI"
"NetworkPrefabAttributeDrawer",usa,"PropertyScopeWithPrefixLabel"
"NetworkPrefabAttributeDrawer",usa,"EditorGUI"
"NetworkPrefabAttributeDrawer",usa,"UnityInternal"
"NetworkPrefabAttributeDrawer",usa,"ObjectSelector"
"NetworkPrefabAttributeDrawer",usa,"EditorGUIUtility"
"NetworkPrefabAttributeDrawer",usa,"NetworkProjectConfigImporter"
"NetworkPrefabAttributeDrawer",usa,"AssetDatabaseUtils"
"NetworkPrefabRefDrawer",hereda,"PropertyDrawerWithErrorHandling"
"NetworkPrefabRefDrawer",usa,"SerializedProperty"
"NetworkPrefabRefDrawer",usa,"NetworkObjectGuidDrawer"
"NetworkPrefabRefDrawer",usa,"FusionEditorGUI"
"NetworkPrefabRefDrawer",usa,"PropertyScopeWithPrefixLabel"
"NetworkPrefabRefDrawer",usa,"NetworkProjectConfigUtilities"
"NetworkPrefabRefDrawer",usa,"EditorGUI"
"NetworkPrefabRefDrawer",usa,"NetworkObjectEditor"
"NetworkPrefabRefDrawer",usa,"AssetDatabaseUtils"
"NetworkPrefabRefDrawer",usa,"NetworkProjectConfigImporter"
"NetworkPrefabRefDrawer",usa,"UnityInternal"
"NetworkPrefabRefDrawer",usa,"ObjectSelector"
"NetworkPrefabRefDrawer",usa,"EditorGUIUtility"
"NetworkStringDrawer",hereda,"PropertyDrawerWithErrorHandling"
"NetworkStringDrawer",usa,"SerializedProperty"
"NetworkStringDrawer",usa,"EditorGUI"
"NetworkStringDrawer",usa,"FusionEditorGUI"
"NetworkStringDrawer",usa,"ShowMixedValueScope"
"SceneRefDrawer",hereda,"PropertyDrawer"
"SceneRefDrawer",usa,"SerializedProperty"
"SceneRefDrawer",usa,"FusionEditorGUI"
"SceneRefDrawer",usa,"PropertyScopeWithPrefixLabel"
"SceneRefDrawer",usa,"EditorGUI"
"SerializableDictionaryDrawer",hereda,"PropertyDrawerWithErrorHandling"
"SerializableDictionaryDrawer",usa,"SerializedProperty"
"SerializableDictionaryDrawer",usa,"FusionEditorGUI"
"SerializableDictionaryDrawer",usa,"PropertyScope"
"SerializableDictionaryDrawer",usa,"EditorGUI"
"SerializableDictionaryDrawer",usa,"SerializedPropertyUtilities"
"SerializableDictionaryDrawer",usa,"SerializedPropertyEqualityComparer"
"TickRateDrawer",hereda,"PropertyDrawer"
"TickRateDrawer",usa,"LazyGUIStyle"
"TickRateDrawer",usa,"SerializedProperty"
"TickRateDrawer",usa,"EditorGUIUtility"
"TickRateDrawer",usa,"EditorGUI"
"TickRateDrawer",usa,"FusionEditorGUI"
"TickRateDrawer",usa,"PropertyScope"
"EditorRecompileHook",usa,"EditorApplication"
"EditorRecompileHook",usa,"NetworkProjectConfigUtilities"
"FusionAssistants",usa,"EnableOnSingleRunner"
"HierarchyIteratorExtensions",usa,"HierarchyIterator"
"FusionBootstrapEditor",hereda,"BehaviourEditor"
"FusionBootstrapEditor",usa,"FusionBootstrap"
"FusionBootstrapEditor",usa,"FusionEditorGUI"
"FusionBootstrapEditor",usa,"WarningScope"
"FusionBuildTriggers",implementa,"IPreprocessBuildWithReport"
"NetworkAssetSourceFactoryContext",usa,"AssetDatabaseUtils"
"NetworkAssetSourceFactoryContext",usa,"EditorUtility"
"NetworkAssetSourceFactoryContext",usa,"AssetDatabase"
"NetworkAssetSourceFactoryResource",implementa,"INetworkAssetSourceFactory"
"NetworkAssetSourceFactoryResource",usa,"NetworkAssetSourceFactoryContext"
"NetworkAssetSourceFactoryResource",usa,"PathUtils"
"NetworkAssetSourceFactoryResource",usa,"NetworkAssetSourceResource"
"NetworkAssetSourceFactoryStatic",implementa,"INetworkAssetSourceFactory"
"NetworkAssetSourceFactoryStatic",usa,"NetworkAssetSourceFactoryContext"
"NetworkAssetSourceFactoryStatic",usa,"NetworkAssetSourceStaticLazy"
"AssetDatabaseUtils",usa,"EditorUtility"
"AssetDatabaseUtils",usa,"AssetDatabase"
"AssetDatabaseUtils",usa,"EditorApplication"
"AssetDatabaseUtils",usa,"AssetEnumerable"
"AssetDatabaseUtils",usa,"UnityInternal"
"AssetDatabaseUtils",usa,"HierarchyIterator"
"AssetDatabaseUtils",usa,"AssetEnumerator"
"AssetDatabaseUtils",usa,"FusionMppm"
"AssetEnumerator",implementa,"IEnumerator"
"AssetEnumerator",usa,"UnityInternal"
"AssetEnumerator",usa,"HierarchyIterator"
"AssetEnumerable",implementa,"IEnumerable"
"AssetEnumerable",usa,"AssetEnumerator"
"EditorButtonDrawer",usa,"Editor"
"EditorButtonDrawer",usa,"ButtonEntry"
"EditorButtonDrawer",usa,"EditorApplication"
"EditorButtonDrawer",usa,"DoIfAttributeDrawer"
"EditorButtonDrawer",usa,"FusionEditorGUI"
"EditorButtonDrawer",usa,"WarningScope"
"EditorButtonDrawer",usa,"EditorGUI"
"EditorButtonDrawer",usa,"EditorUtility"
"EnumDrawer",usa,"SerializedProperty"
"EnumDrawer",usa,"EditorGUI"
"EnumDrawer",usa,"UnityInternal"
"EnumDrawer",usa,"EditorUtility"
"LogSettingsDrawer",usa,"FusionCodeDoc"
"LogSettingsDrawer",usa,"EditorGUI"
"LogSettingsDrawer",usa,"FusionEditorGUI"
"LogSettingsDrawer",usa,"ShowMixedValueScope"
"LogSettingsDrawer",usa,"WarningScope"
"LogSettingsDrawer",usa,"AssetDatabaseUtils"
"FusionCodeDoc",usa,"CodeDoc"
"FusionCodeDoc",usa,"EditorGUIUtility"
"FusionCodeDoc",usa,"MemberInfoEntry"
"FusionCodeDoc",usa,"AssetDatabase"
"FusionCodeDoc",usa,"Regexes"
"FusionCodeDoc",usa,"AssetDatabaseUtils"
"CodeDoc",usa,"MemberInfoEntry"
"Postprocessor",hereda,"AssetPostprocessor"
"Postprocessor",usa,"AssetDatabaseUtils"
"FusionCustomDependency",usa,"EditorApplication"
"FusionCustomDependency",usa,"AssetDatabase"
"FusionCustomDependency",usa,"AssetDatabaseUtils"
"FusionEditor",hereda,"Editor"
"FusionEditor",usa,"EditorButtonDrawer"
"FusionEditor",usa,"FusionEditorGUI"
"FusionEditorGUI",usa,"FusionEditorSkin"
"FusionEditorGUI",usa,"IndentLevelScope"
"FusionEditorGUI",usa,"EditorGUI"
"FusionEditorGUI",usa,"EditorGUIUtility"
"FusionEditorGUI",usa,"EnabledScope"
"FusionEditorGUI",usa,"InlineHelpStyle"
"FusionEditorGUI",usa,"Event"
"FusionEditorGUI",usa,"UnityInternal"
"FusionEditorGUI",usa,"BackgroundColorScope"
"FusionEditorGUI",usa,"Editor"
"FusionEditorGUI",usa,"ScriptFieldDrawer"
"FusionEditorGUI",usa,"PropertyDrawer"
"FusionEditorGUI",usa,"SerializedProperty"
"FusionEditorGUI",usa,"ScriptAttributeUtility"
"FusionEditorGUI",usa,"FusionCodeDoc"
"FusionEditorGUI",usa,"PropertyHandler"
"FusionEditorGUI",usa,"PropertyDrawerOrderComparer"
"FusionEditorGUI",usa,"LazyAuto"
"LazyAuto",hereda,"Lazy"
"PropertyDrawerOrderComparer",implementa,"IComparer"
"PropertyDrawerOrderComparer",usa,"PropertyDrawer"
"FusionEditorGUI",usa,"EditorGUI"
"FusionEditorGUI",usa,"SerializedProperty"
"FusionEditorGUI",usa,"UnityInternal"
"FusionEditorGUI",usa,"EditorGUI"
"FusionEditorGUI",usa,"EditorGUIUtility"
"FusionEditorGUI",usa,"SerializedProperty"
"FusionEditorGUI",usa,"FusionEditorSkin"
"CustomEditorScope",implementa,"IDisposable"
"CustomEditorScope",usa,"EditorGUI"
"EnabledScope",implementa,"IDisposable"
"BackgroundColorScope",implementa,"IDisposable"
"ColorScope",implementa,"IDisposable"
"ContentColorScope",implementa,"IDisposable"
"FieldWidthScope",implementa,"IDisposable"
"FieldWidthScope",usa,"EditorGUIUtility"
"HierarchyModeScope",implementa,"IDisposable"
"HierarchyModeScope",usa,"EditorGUIUtility"
"IndentLevelScope",implementa,"IDisposable"
"IndentLevelScope",usa,"EditorGUI"
"LabelWidthScope",implementa,"IDisposable"
"LabelWidthScope",usa,"EditorGUIUtility"
"ShowMixedValueScope",implementa,"IDisposable"
"ShowMixedValueScope",usa,"EditorGUI"
"DisabledGroupScope",implementa,"IDisposable"
"DisabledGroupScope",usa,"EditorGUI"
"PropertyScope",implementa,"IDisposable"
"PropertyScope",usa,"SerializedProperty"
"PropertyScope",usa,"EditorGUI"
"PropertyScopeWithPrefixLabel",implementa,"IDisposable"
"PropertyScopeWithPrefixLabel",usa,"SerializedProperty"
"PropertyScopeWithPrefixLabel",usa,"EditorGUI"
"BoxScope",implementa,"IDisposable"
"BoxScope",usa,"FusionEditorSkin"
"BoxScope",usa,"EditorGUI"
"WarningScope",implementa,"IDisposable"
"WarningScope",usa,"FusionEditorSkin"
"ErrorScope",implementa,"IDisposable"
"ErrorScope",usa,"FusionEditorSkin"
"GUIContentScope",implementa,"IDisposable"
"FusionEditorGUI",usa,"EditorGUIUtility"
"FusionEditorGUI",usa,"EnabledScope"
"FusionEditorGUI",usa,"Editor"
"FusionEditorGUI",usa,"EditorGUI"
"FusionEditorGUI",usa,"FusionEditorSkin"
"FusionEditorGUI",usa,"UnityInternal"
"FusionEditorGUI",usa,"ScriptAttributeUtility"
"FusionEditorGUI",usa,"PropertyDrawerForArrayWorkaround"
"FusionEditorGUI",usa,"FusionEditorGUIDisplayTypePickerMenuFlags"
"FusionEditorGUI",usa,"EditorUtility"
"FusionEditorGUI",usa,"SerializedProperty"
"FusionEditorUtility",usa,"EditorApplication"
"FusionGlobalScriptableObjectEditorAttribute",hereda,"FusionGlobalScriptableObjectSourceAttribute"
"FusionGlobalScriptableObjectEditorAttribute",usa,"FusionGlobalScriptableObjectUtils"
"FusionGlobalScriptableObjectEditorAttribute",usa,"AssetDatabase"
"FusionGlobalScriptableObjectUtils",usa,"EditorUtility"
"FusionGlobalScriptableObjectUtils",usa,"AssetDatabase"
"FusionGlobalScriptableObjectUtils",usa,"AssetDatabaseUtils"
"FusionGridState",hereda,"TreeViewState"
"FusionGridItem",hereda,"TreeViewItem"
"FusionGrid",hereda,"FusionGrid"
"FusionGrid",usa,"FusionGridState"
"FusionGrid",usa,"FusionGridItem"
"FusionGrid",usa,"FusionGridState"
"FusionGrid",usa,"FusionGridItem"
"FusionGrid",usa,"InternalTreeView"
"FusionGrid",usa,"GUIState"
"FusionGrid",usa,"Column"
"FusionGrid",usa,"State"
"FusionGrid",usa,"FusionEditorSkin"
"FusionGrid",usa,"EditorGUI"
"FusionGrid",usa,"EditorUtility"
"FusionGrid",usa,"Grid"
"FusionGrid",usa,"EditorGUIUtility"
"FusionGrid",usa,"ComparisonComparer"
"GUIState",usa,"InternalTreeView"
"Column",hereda,"Column"
"InternalTreeView",hereda,"TreeView"
"InternalTreeView",usa,"State"
"InternalTreeView",usa,"Grid"
"InternalTreeView",usa,"EditorGUIUtility"
"InternalTreeView",usa,"Column"
"InternalTreeView",usa,"ComparisonComparer"
"InternalTreeView",usa,"FusionGrid"
"ComparisonComparer",implementa,"IComparer"
"InternalTreeViewItem",hereda,"TreeViewItem"
"FusionMonoBehaviourDefaultEditor",hereda,"FusionEditor"
"FusionPropertyDrawerMetaAttribute",hereda,"Attribute"
"FusionScriptableObjectDefaultEditor",hereda,"FusionEditor"
"RawDataDrawer",usa,"SerializedProperty"
"RawDataDrawer",usa,"FusionEditorSkin"
"RawDataDrawer",usa,"UnityInternal"
"RawDataDrawer",usa,"EditorGUI"
"ReflectionUtils",usa,"DelegateSwizzle"
"ReflectionUtils",usa,"InstanceAccessor"
"ReflectionUtils",usa,"StaticAccessor"
"SerializedPropertyUtilities",usa,"SerializedProperty"
"SerializedPropertyUtilities",usa,"UnityInternal"
"SerializedPropertyUtilities",usa,"SerializedPropertyEnumerable"
"SerializedPropertyUtilities",usa,"SerializedPropertyEqualityComparer"
"SerializedPropertyUtilities",usa,"HashCodeUtilities"
"SerializedPropertyUtilities",usa,"SerializedPropertyEnumerator"
"SerializedPropertyEqualityComparer",implementa,"IEqualityComparer"
"SerializedPropertyEqualityComparer",usa,"SerializedProperty"
"SerializedPropertyEqualityComparer",usa,"HashCodeUtilities"
"SerializedPropertyEnumerable",implementa,"IEnumerable"
"SerializedPropertyEnumerable",usa,"SerializedProperty"
"SerializedPropertyEnumerable",usa,"SerializedPropertyEnumerator"
"SerializedPropertyEnumerator",implementa,"IEnumerator"
"SerializedPropertyEnumerator",usa,"SerializedProperty"
"UnityInternal",usa,"AssetDatabase"
"UnityInternal",usa,"Event"
"UnityInternal",usa,"Editor"
"UnityInternal",usa,"SerializedProperty"
"UnityInternal",usa,"EditorGUI"
"UnityInternal",usa,"EditorUtility"
"UnityInternal",usa,"HandleUtility"
"UnityInternal",usa,"DecoratorDrawer"
"UnityInternal",usa,"PropertyDrawer"
"UnityInternal",usa,"EditorGUIUtility"
"UnityInternal",usa,"PropertyHandler"
"UnityInternal",usa,"PropertyHandlerCache"
"UnityInternal",usa,"Statics"
"UnityInternal",usa,"EditorApplication"
"UnityInternal",usa,"ObjectSelector"
"UnityInternal",usa,"SplitterState"
"UnityInternal",usa,"InternalStyles"
"UnityInternal",usa,"LazyGUIStyle"
"UnityInternal",usa,"StaticAccessor"
"UnityInternal",usa,"InstanceAccessor"
"UnityInternal",usa,"DelegateSwizzle"
"Event",usa,"StaticAccessor"
"EditorGUI",usa,"SerializedProperty"
"EditorGUI",usa,"StaticAccessor"
"GUIClip",usa,"StaticAccessor"
"LayerMatrixGUI",usa,"Editor"
"DecoratorDrawer",usa,"InstanceAccessor"
"PropertyDrawer",usa,"InstanceAccessor"
"EditorGUIUtility",usa,"StaticAccessor"
"ScriptAttributeUtility",usa,"Editor"
"ScriptAttributeUtility",usa,"SerializedProperty"
"ScriptAttributeUtility",usa,"PropertyHandler"
"ScriptAttributeUtility",usa,"PropertyHandlerCache"
"ScriptAttributeUtility",usa,"DelegateSwizzle"
"ScriptAttributeUtility",usa,"StaticAccessor"
"PropertyHandlerCache",usa,"Editor"
"PropertyHandlerCache",usa,"SerializedProperty"
"PropertyHandlerCache",usa,"PropertyHandler"
"PropertyHandlerCache",usa,"Statics"
"Statics",usa,"Editor"
"Statics",usa,"SerializedProperty"
"Statics",usa,"PropertyHandler"
"PropertyHandler",implementa,"IEquatable"
"PropertyHandler",usa,"Editor"
"PropertyHandler",usa,"DecoratorDrawer"
"PropertyHandler",usa,"PropertyDrawer"
"PropertyHandler",usa,"Statics"
"PropertyHandler",usa,"InstanceAccessor"
"Statics",usa,"Editor"
"Statics",usa,"DecoratorDrawer"
"Statics",usa,"PropertyDrawer"
"Statics",usa,"InstanceAccessor"
"ObjectSelector",usa,"Editor"
"ObjectSelector",usa,"Statics"
"ObjectSelector",usa,"StaticAccessor"
"ObjectSelector",usa,"InstanceAccessor"
"Statics",usa,"Editor"
"Statics",usa,"StaticAccessor"
"Statics",usa,"InstanceAccessor"
"InspectorWindow",usa,"Editor"
"InspectorWindow",usa,"InstanceAccessor"
"SerializedProperty",usa,"InstanceAccessor"
"SplitterGUILayout",usa,"Editor"
"SplitterGUILayout",usa,"SplitterState"
"SplitterState",implementa,"ISerializationCallbackReceiver"
"SplitterState",usa,"Editor"
"InternalStyles",usa,"LazyGUIStyle"
"FusionOdinAttributeConverterAttribute",hereda,"Attribute"
"PropertyDrawerForArrayWorkaround",usa,"ArrayLengthAttributeDrawer"
"ArrayLengthAttributeDrawer",hereda,"DecoratingPropertyAttributeDrawer"
"ArrayLengthAttributeDrawer",implementa,"INonApplicableOnArrayElements"
"ArrayLengthAttributeDrawer",usa,"EditorGUIUtility"
"ArrayLengthAttributeDrawer",usa,"SerializedProperty"
"AssemblyNameAttributeDrawer",hereda,"PropertyDrawerWithErrorHandling"
"AssemblyNameAttributeDrawer",usa,"Editor"
"AssemblyNameAttributeDrawer",usa,"AssemblyInfo"
"AssemblyNameAttributeDrawer",usa,"SerializedProperty"
"AssemblyNameAttributeDrawer",usa,"AsmDefType"
"AssemblyNameAttributeDrawer",usa,"FusionEditorGUI"
"AssemblyNameAttributeDrawer",usa,"PropertyScope"
"AssemblyNameAttributeDrawer",usa,"EditorGUI"
"AssemblyNameAttributeDrawer",usa,"UnityInternal"
"AssemblyNameAttributeDrawer",usa,"AsmDefData"
"AssemblyNameAttributeDrawer",usa,"AssetDatabase"
"PropertyDrawerForArrayWorkaround",usa,"BinaryDataAttributeDrawer"
"BinaryDataAttributeDrawer",hereda,"PropertyDrawerWithErrorHandling"
"BinaryDataAttributeDrawer",implementa,"INonApplicableOnArrayElements"
"BinaryDataAttributeDrawer",usa,"RawDataDrawer"
"BinaryDataAttributeDrawer",usa,"SerializedProperty"
"BinaryDataAttributeDrawer",usa,"FusionEditorGUI"
"BinaryDataAttributeDrawer",usa,"PropertyScope"
"BinaryDataAttributeDrawer",usa,"EditorGUIUtility"
"BinaryDataAttributeDrawer",usa,"EditorGUI"
"BinaryDataAttributeDrawer",usa,"EnabledScope"
"BinaryDataAttributeDrawer",usa,"UnityInternal"
"DecoratingPropertyAttributeDrawer",hereda,"PropertyDrawer"
"DecoratingPropertyAttributeDrawer",usa,"SerializedProperty"
"DecoratingPropertyAttributeDrawer",usa,"FusionEditorGUI"
"DecoratingPropertyAttributeDrawer",usa,"EditorGUI"
"DecoratingPropertyAttributeDrawer",usa,"INonApplicableOnArrayElements"
"DecoratingPropertyAttributeDrawer",usa,"UnityInternal"
"DecoratingPropertyAttributeDrawer",usa,"ScriptAttributeUtility"
"DecoratingPropertyAttributeDrawer",usa,"PropertyDrawerForArrayWorkaround"
"DecoratingPropertyAttributeDrawer",usa,"DecoratorDrawer"
"DirectoryPathAttributeDrawer",hereda,"PropertyDrawerWithErrorHandling"
"DirectoryPathAttributeDrawer",usa,"SerializedProperty"
"DirectoryPathAttributeDrawer",usa,"EditorGUIUtility"
"DirectoryPathAttributeDrawer",usa,"EditorApplication"
"DirectoryPathAttributeDrawer",usa,"EditorUtility"
"DirectoryPathAttributeDrawer",usa,"PathUtils"
"DirectoryPathAttributeDrawer",usa,"EditorGUI"
"DisplayAsEnumAttributeDrawer",hereda,"PropertyDrawerWithErrorHandling"
"DisplayAsEnumAttributeDrawer",usa,"EnumDrawer"
"DisplayAsEnumAttributeDrawer",usa,"SerializedProperty"
"DisplayAsEnumAttributeDrawer",usa,"FusionEditorGUI"
"DisplayAsEnumAttributeDrawer",usa,"PropertyScopeWithPrefixLabel"
"PropertyDrawerForArrayWorkaround",usa,"DisplayNameAttributeDrawer"
"DisplayNameAttributeDrawer",hereda,"DecoratingPropertyAttributeDrawer"
"DisplayNameAttributeDrawer",implementa,"INonApplicableOnArrayElements"
"DisplayNameAttributeDrawer",usa,"SerializedProperty"
"DoIfAttributeDrawer",hereda,"DecoratingPropertyAttributeDrawer"
"DoIfAttributeDrawer",implementa,"INonApplicableOnArrayElements"
"DoIfAttributeDrawer",usa,"SerializedProperty"
"PropertyDrawerForArrayWorkaround",usa,"DrawIfAttributeDrawer"
"DrawIfAttributeDrawer",hereda,"DoIfAttributeDrawer"
"DrawIfAttributeDrawer",usa,"SerializedProperty"
"DrawIfAttributeDrawer",usa,"EditorGUIUtility"
"DrawIfAttributeDrawer",usa,"EditorGUI"
"DrawInlineAttributeDrawer",hereda,"PropertyDrawer"
"DrawInlineAttributeDrawer",usa,"SerializedProperty"
"DrawInlineAttributeDrawer",usa,"EditorGUI"
"DrawInlineAttributeDrawer",usa,"FusionEditorGUI"
"DrawInlineAttributeDrawer",usa,"EditorGUIUtility"
"PropertyDrawerForArrayWorkaround",usa,"ErrorIfAttributeDrawer"
"ErrorIfAttributeDrawer",hereda,"MessageIfDrawerBase"
"ErrorIfAttributeDrawer",usa,"FusionEditorSkin"
"ExpandableEnumAttributeDrawer",hereda,"PropertyDrawerWithErrorHandling"
"ExpandableEnumAttributeDrawer",usa,"EnumDrawer"
"ExpandableEnumAttributeDrawer",usa,"LazyGUIStyle"
"ExpandableEnumAttributeDrawer",usa,"SerializedProperty"
"ExpandableEnumAttributeDrawer",usa,"EditorGUIUtility"
"ExpandableEnumAttributeDrawer",usa,"FusionEditorGUI"
"ExpandableEnumAttributeDrawer",usa,"PropertyScope"
"ExpandableEnumAttributeDrawer",usa,"EditorGUI"
"ExpandableEnumAttributeDrawer",usa,"EnabledScope"
"ExpandableEnumAttributeDrawer",usa,"Event"
"ExpandableEnumAttributeDrawer",usa,"FusionCodeDoc"
"ExpandableEnumAttributeDrawer",usa,"FusionEditorSkin"
"PropertyDrawerForArrayWorkaround",usa,"FieldEditorButtonAttributeDrawer"
"FieldEditorButtonAttributeDrawer",hereda,"DecoratingPropertyAttributeDrawer"
"FieldEditorButtonAttributeDrawer",usa,"SerializedProperty"
"FieldEditorButtonAttributeDrawer",usa,"EditorGUIUtility"
"FieldEditorButtonAttributeDrawer",usa,"EditorGUI"
"FieldEditorButtonAttributeDrawer",usa,"DisabledGroupScope"
"HideArrayElementLabelAttributeDrawer",hereda,"DecoratingPropertyAttributeDrawer"
"HideArrayElementLabelAttributeDrawer",usa,"SerializedProperty"
"PropertyDrawerForArrayWorkaround",usa,"InlineHelpAttributeDrawer"
"InlineHelpAttributeDrawer",hereda,"DecoratingPropertyAttributeDrawer"
"InlineHelpAttributeDrawer",implementa,"INonApplicableOnArrayElements"
"InlineHelpAttributeDrawer",usa,"SerializedProperty"
"InlineHelpAttributeDrawer",usa,"FusionEditorGUI"
"InlineHelpAttributeDrawer",usa,"GUIContentScope"
"InlineHelpAttributeDrawer",usa,"EditorGUI"
"InlineHelpAttributeDrawer",usa,"FusionCodeDoc"
"InlineHelpAttributeDrawer",usa,"PropertyDrawer"
"InlineHelpAttributeDrawer",usa,"FusionPropertyDrawerMetaAttribute"
"InlineHelpAttributeDrawer",usa,"EnabledScope"
"InlineHelpAttributeDrawer",usa,"FusionEditorSkin"
"LayerAttributeDrawer",hereda,"PropertyDrawer"
"LayerAttributeDrawer",usa,"SerializedProperty"
"LayerAttributeDrawer",usa,"EditorGUI"
"LayerAttributeDrawer",usa,"FusionEditorGUI"
"LayerAttributeDrawer",usa,"PropertyScope"
"LayerAttributeDrawer",usa,"ShowMixedValueScope"
"PropertyDrawerForArrayWorkaround",usa,"LayerMatrixAttributeDrawer"
"LayerMatrixAttributeDrawer",hereda,"PropertyDrawerWithErrorHandling"
"LayerMatrixAttributeDrawer",implementa,"INonApplicableOnArrayElements"
"LayerMatrixAttributeDrawer",usa,"SerializedProperty"
"LayerMatrixAttributeDrawer",usa,"FusionEditorGUI"
"LayerMatrixAttributeDrawer",usa,"PropertyScopeWithPrefixLabel"
"LayerMatrixAttributeDrawer",usa,"LayerMatrixPopup"
"LayerMatrixAttributeDrawer",usa,"EditorGUIUtility"
"LayerMatrixAttributeDrawer",usa,"UnityInternal"
"LayerMatrixAttributeDrawer",usa,"LayerMatrixGUI"
"LayerMatrixPopup",hereda,"PopupWindowContent"
"LayerMatrixPopup",usa,"UnityInternal"
"LayerMatrixPopup",usa,"LayerMatrixGUI"
"LayerMatrixPopup",usa,"FusionEditorGUI"
"MaxStringByteCountAttributeDrawer",hereda,"PropertyDrawerWithErrorHandling"
"MaxStringByteCountAttributeDrawer",usa,"SerializedProperty"
"MaxStringByteCountAttributeDrawer",usa,"FusionEditorGUI"
"MaxStringByteCountAttributeDrawer",usa,"PropertyScope"
"MessageIfDrawerBase",hereda,"DoIfAttributeDrawer"
"MessageIfDrawerBase",usa,"SerializedProperty"
"MessageIfDrawerBase",usa,"EditorGUIUtility"
"MessageIfDrawerBase",usa,"FusionEditorGUI"
"PropertyDrawerForArrayWorkaround",hereda,"DecoratorDrawer"
"PropertyDrawerForArrayWorkaround",usa,"RedirectCustomPropertyDrawerAttribute"
"PropertyDrawerForArrayWorkaround",usa,"UnityInternal"
"PropertyDrawerForArrayWorkaround",usa,"PropertyHandler"
"PropertyDrawerForArrayWorkaround",usa,"PropertyDrawer"
"PropertyDrawerForArrayWorkaround",usa,"ScriptAttributeUtility"
"PropertyDrawerForArrayWorkaround",usa,"DummyPropertyDrawer"
"PropertyDrawerForArrayWorkaround",usa,"SerializedProperty"
"PropertyDrawerForArrayWorkaround",usa,"EditorGUI"
"RedirectCustomPropertyDrawerAttribute",hereda,"Attribute"
"DummyPropertyDrawer",hereda,"PropertyDrawer"
"DummyPropertyDrawer",usa,"SerializedProperty"
"DummyPropertyDrawer",usa,"EditorGUI"
"PropertyDrawerWithErrorHandling",hereda,"PropertyDrawer"
"PropertyDrawerWithErrorHandling",usa,"SerializedProperty"
"PropertyDrawerWithErrorHandling",usa,"Entry"
"PropertyDrawerWithErrorHandling",usa,"EditorGUI"
"PropertyDrawerWithErrorHandling",usa,"EditorGUIUtility"
"PropertyDrawerWithErrorHandling",usa,"FusionEditorGUI"
"PropertyDrawerWithErrorHandling",usa,"UnityInternal"
"RangeExAttributeDrawer",hereda,"PropertyDrawerWithErrorHandling"
"RangeExAttributeDrawer",usa,"SerializedProperty"
"RangeExAttributeDrawer",usa,"EditorGUI"
"RangeExAttributeDrawer",usa,"FusionEditorGUI"
"RangeExAttributeDrawer",usa,"PropertyScope"
"RangeExAttributeDrawer",usa,"EditorGUIUtility"
"RangeExAttributeDrawer",usa,"LabelWidthScope"
"RangeExAttributeDrawer",usa,"IndentLevelScope"
"PropertyDrawerForArrayWorkaround",usa,"ReadOnlyAttributeDrawer"
"ReadOnlyAttributeDrawer",hereda,"DecoratingPropertyAttributeDrawer"
"ReadOnlyAttributeDrawer",implementa,"INonApplicableOnArrayElements"
"ReadOnlyAttributeDrawer",usa,"SerializedProperty"
"ReadOnlyAttributeDrawer",usa,"EditorApplication"
"ReadOnlyAttributeDrawer",usa,"EditorGUI"
"ReadOnlyAttributeDrawer",usa,"DisabledGroupScope"
"ScenePathAttributeDrawer",hereda,"PropertyDrawerWithErrorHandling"
"ScenePathAttributeDrawer",usa,"SerializedProperty"
"ScenePathAttributeDrawer",usa,"AssetDatabase"
"ScenePathAttributeDrawer",usa,"FusionEditorGUI"
"ScenePathAttributeDrawer",usa,"PropertyScope"
"ScenePathAttributeDrawer",usa,"EditorGUI"
"ScriptFieldDrawer",hereda,"PropertyDrawer"
"ScriptFieldDrawer",usa,"SerializedProperty"
"ScriptFieldDrawer",usa,"EditorGUI"
"ScriptFieldDrawer",usa,"FusionEditorGUI"
"ScriptFieldDrawer",usa,"FusionEditorSkin"
"ScriptFieldDrawer",usa,"EnabledScope"
"ScriptFieldDrawer",usa,"EditorGUIUtility"
"ScriptFieldDrawer",usa,"Event"
"ScriptFieldDrawer",usa,"AssetDatabase"
"ScriptFieldDrawer",usa,"FusionCodeDoc"
"SerializableTypeDrawer",hereda,"PropertyDrawerWithErrorHandling"
"SerializableTypeDrawer",usa,"SerializedProperty"
"SerializableTypeDrawer",usa,"EditorGUI"
"SerializableTypeDrawer",usa,"FusionEditorGUI"
"SerializeReferenceTypePickerAttributeDrawer",hereda,"DecoratingPropertyAttributeDrawer"
"SerializeReferenceTypePickerAttributeDrawer",usa,"SerializedProperty"
"SerializeReferenceTypePickerAttributeDrawer",usa,"EditorGUIUtility"
"SerializeReferenceTypePickerAttributeDrawer",usa,"EditorGUI"
"SerializeReferenceTypePickerAttributeDrawer",usa,"FusionEditorGUI"
"SerializeReferenceTypePickerAttributeDrawer",usa,"FusionEditorGUIDisplayTypePickerMenuFlags"
"PropertyDrawerForArrayWorkaround",usa,"SpaceAfterAttributeDrawer"
"SpaceAfterAttributeDrawer",hereda,"DecoratingPropertyAttributeDrawer"
"SpaceAfterAttributeDrawer",implementa,"INonApplicableOnArrayElements"
"SpaceAfterAttributeDrawer",usa,"SerializedProperty"
"ToggleLeftAttributeDrawer",hereda,"PropertyDrawer"
"ToggleLeftAttributeDrawer",usa,"SerializedProperty"
"ToggleLeftAttributeDrawer",usa,"EditorGUI"
"UnitAttributeDrawer",hereda,"DecoratingPropertyAttributeDrawer"
"UnitAttributeDrawer",usa,"SerializedProperty"
"UnitAttributeDrawer",usa,"FusionPropertyDrawerMetaAttribute"
"UnitAttributeDrawer",usa,"EditorGUIUtility"
"UnitAttributeDrawer",usa,"FusionEditorGUI"
"UnityAssetGuidAttributeDrawer",hereda,"PropertyDrawerWithErrorHandling"
"UnityAssetGuidAttributeDrawer",usa,"SerializedProperty"
"UnityAssetGuidAttributeDrawer",usa,"FusionEditorGUI"
"UnityAssetGuidAttributeDrawer",usa,"PropertyScopeWithPrefixLabel"
"UnityAssetGuidAttributeDrawer",usa,"EditorGUI"
"UnityAssetGuidAttributeDrawer",usa,"AssetDatabase"
"UnityAssetGuidAttributeDrawer",usa,"EnabledScope"
"UnityAssetGuidAttributeDrawer",usa,"EditorGUIUtility"
"UnityAssetGuidAttributeDrawer",usa,"PropertyScope"
"UnityResourcePathAttributeDrawer",hereda,"PropertyDrawerWithErrorHandling"
"UnityResourcePathAttributeDrawer",usa,"SerializedProperty"
"UnityResourcePathAttributeDrawer",usa,"FusionEditorGUI"
"UnityResourcePathAttributeDrawer",usa,"PropertyScopeWithPrefixLabel"
"UnityResourcePathAttributeDrawer",usa,"EditorGUI"
"UnityResourcePathAttributeDrawer",usa,"AssetDatabase"
"UnityResourcePathAttributeDrawer",usa,"EnabledScope"
"UnityResourcePathAttributeDrawer",usa,"EditorGUIUtility"
"PropertyDrawerForArrayWorkaround",usa,"WarnIfAttributeDrawer"
"WarnIfAttributeDrawer",hereda,"MessageIfDrawerBase"
"WarnIfAttributeDrawer",usa,"FusionEditorSkin"
"FusionHierarchyWindowOverlay",usa,"EditorApplication"
"FusionHierarchyWindowOverlay",usa,"EditorGUIUtility"
"FusionHierarchyWindowOverlay",usa,"EditorUtility"
"FusionHierarchyWindowOverlay",usa,"EditorGUI"
"FusionSceneSetupAssistants",usa,"FusionAssistants"
"FusionSceneSetupAssistants",usa,"FusionBootstrap"
"FusionSceneSetupAssistants",usa,"RunnerVisibilityLink"
"FusionUnitySurrogateBaseWrapper",hereda,"ScriptableObject"
"FusionUnitySurrogateBaseWrapper",usa,"SerializedProperty"
"NetworkBehaviourEditor",hereda,"BehaviourEditor"
"NetworkBehaviourEditor",usa,"EditorGUI"
"NetworkBehaviourEditor",usa,"FusionEditorGUI"
"NetworkBehaviourEditor",usa,"WarningScope"
"NetworkMecanimAnimatorBaker",usa,"AnimatorControllerTools"
"NetworkMecanimAnimatorBaker",usa,"EditorUtility"
"NetworkObjectBakerEditTime",hereda,"NetworkObjectBaker"
"NetworkObjectBakerEditTime",usa,"NetworkObjectBakerEditTimeHandlerAttribute"
"NetworkObjectBakerEditTime",usa,"EditorUtility"
"NetworkObjectBakerEditTime",usa,"HashCodeUtilities"
"NetworkObjectBakerEditTimeHandlerAttribute",hereda,"Attribute"
"NetworkObjectEditor",hereda,"BehaviourEditor"
"NetworkObjectEditor",usa,"NetworkProjectConfigUtilities"
"NetworkObjectEditor",usa,"FusionEditorGUI"
"NetworkObjectEditor",usa,"AssetDatabase"
"NetworkObjectEditor",usa,"AssetDatabaseUtils"
"NetworkObjectEditor",usa,"WarningScope"
"NetworkObjectEditor",usa,"EditorGUI"
"NetworkObjectEditor",usa,"EditorApplication"
"NetworkObjectEditor",usa,"BoxScope"
"NetworkObjectEditor",usa,"EditorUtility"
"NetworkObjectEditor",usa,"ShowMixedValueScope"
"NetworkObjectEditor",usa,"EditorGUIUtility"
"NetworkObjectEditor",usa,"IndentLevelScope"
"NetworkObjectPostprocessor",hereda,"AssetPostprocessor"
"NetworkObjectPostprocessor",usa,"NetworkObjectBakePrefabArgs"
"NetworkObjectPostprocessor",usa,"NetworkObjectBakeSceneArgs"
"NetworkObjectPostprocessor",usa,"EditorApplication"
"NetworkObjectPostprocessor",usa,"AssetDatabase"
"NetworkObjectPostprocessor",usa,"AssetDatabaseUtils"
"NetworkObjectPostprocessor",usa,"NetworkProjectConfigImporter"
"NetworkObjectPostprocessor",usa,"NetworkObjectBaker"
"NetworkObjectPostprocessor",usa,"NetworkObjectBakerEditTime"
"NetworkObjectPostprocessor",usa,"FusionAssistants"
"NetworkObjectBakePrefabArgs",usa,"NetworkObjectBaker"
"NetworkObjectBakeSceneArgs",usa,"NetworkObjectBaker"
"INetworkAssetSourceFactory",usa,"NetworkAssetSourceFactoryContext"
"NetworkAssetSourceFactory",usa,"INetworkAssetSourceFactory"
"NetworkAssetSourceFactory",usa,"NetworkAssetSourceFactoryContext"
"NetworkAssetSourceFactoryStatic",usa,"NetworkAssetSourceFactoryContext"
"NetworkAssetSourceFactoryStatic",usa,"NetworkPrefabSourceStaticLazy"
"NetworkAssetSourceFactoryResource",usa,"NetworkAssetSourceFactoryContext"
"NetworkAssetSourceFactoryResource",usa,"NetworkPrefabSourceResource"
"NetworkRunnerEditor",hereda,"BehaviourEditor"
"NetworkRunnerEditor",usa,"EditorApplication"
"NetworkRunnerEditor",usa,"RunnerEnableVisibility"
"NetworkTRSPEditor",hereda,"NetworkBehaviourEditor"
"NetworkTRSPEditor",usa,"EditorGUI"
"PhotonAppSettingsEditor",hereda,"Editor"
"PhotonAppSettingsEditor",usa,"FusionEditorGUI"
"PhotonAppSettingsEditor",usa,"EditorGUIUtility"
"FusionStatisticsEditor",hereda,"Editor"
"FusionStatisticsEditor",usa,"FusionStatistics"
"FusionStatisticsEditor",usa,"EditorGUI"
"AnimatorControllerTools",usa,"EditorUtility"
"AssetDatabaseUtils",usa,"AssetDatabase"
"FusionEditorGUI",usa,"EditorGUI"
"FusionEditorGUI",usa,"IndentLevelScope"
"FusionEditorGUI",usa,"SerializedProperty"
"FusionEditorGUI",usa,"Event"
"FusionEditorGUI",usa,"HashCodeUtilities"
"NetworkProjectConfigUtilities",usa,"EditorApplication"
"NetworkProjectConfigUtilities",usa,"FusionGlobalScriptableObjectUtils"
"NetworkProjectConfigUtilities",usa,"AssetDatabase"
"NetworkProjectConfigUtilities",usa,"AssetDatabaseUtils"
"NetworkProjectConfigUtilities",usa,"NetworkProjectConfigImporter"
"NetworkProjectConfigUtilities",usa,"EditorGUIUtility"
"NetworkProjectConfigUtilities",usa,"PathUtils"
"FusionStatsWorldAnchor",hereda,"MonoBehaviour"
"FusionStatsWorldAnchor",usa,"FusionStatsConfig"
"FusionStatsWorldAnchor",usa,"FusionStatsCanvas"
"FusionStatsPanelHeader",hereda,"MonoBehaviour"
"FusionStatsPanelHeader",usa,"FusionStatsGraphDefault"
"FusionStatsPanelHeader",usa,"RenderSimStats"
"FusionStatsPanelHeader",usa,"FusionStatistics"
"FusionStatsPanelHeader",usa,"FusionStatisticsStatCustomConfig"
"FusionStatsGraphDefault",hereda,"FusionStatsGraphBase"
"FusionStatsGraphDefault",usa,"RenderSimStats"
"FusionStatsGraphDefault",usa,"FusionStatisticsHelper"
"FusionStatsGraphDefault",usa,"FusionStatistics"
"FusionStatsGraphDefault",usa,"FusionStatisticsStatCustomConfig"
"FusionStatsConfig",hereda,"MonoBehaviour"
"FusionStatsConfig",usa,"FusionStatistics"
"FusionStatsCanvas",hereda,"MonoBehaviour"
"FusionStatsCanvas",implementa,"IDragHandler"
"FusionStatsCanvas",implementa,"IEndDragHandler"
"FusionStatsCanvas",implementa,"IBeginDragHandler"
"FusionStatsCanvas",usa,"FusionStatsPanelHeader"
"FusionStatsCanvas",usa,"FusionStatsConfig"
"FusionStatsCanvas",usa,"CanvasAnchor"
"FusionStatsCanvas",usa,"DragMode"
"FusionStatsCanvas",usa,"FusionStatistics"
"FusionStatsCanvas",usa,"FusionStatisticsHelper"
"FusionStatsCanvas",usa,"InputButton"
"FusionStatistics",hereda,"SimulationBehaviour"
"FusionStatistics",implementa,"ISpawned"
"FusionStatistics",usa,"FusionStatsGraphBase"
"FusionStatistics",usa,"FusionNetworkObjectStatsGraphCombine"
"FusionStatistics",usa,"FusionStatsPanelHeader"
"FusionStatistics",usa,"FusionStatsConfig"
"FusionStatistics",usa,"FusionStatsCanvas"
"FusionStatistics",usa,"FusionNetworkObjectStatistics"
"FusionStatistics",usa,"RenderSimStats"
"FusionStatistics",usa,"CanvasAnchor"
"FusionStatistics",usa,"FusionStatisticsStatCustomConfig"
"FusionStatistics",usa,"FusionBasicBillboard"
"FusionStatistics",usa,"FusionStatsWorldAnchor"
"FusionStatisticsStatCustomConfig",usa,"RenderSimStats"
"FusionNetworkObjectStatsGraphCombine",hereda,"MonoBehaviour"
"FusionNetworkObjectStatsGraphCombine",usa,"NetworkObjectStat"
"FusionNetworkObjectStatsGraphCombine",usa,"FusionNetworkObjectStatsGraph"
"FusionNetworkObjectStatsGraphCombine",usa,"FusionStatistics"
"FusionNetworkObjectStatsGraphCombine",usa,"FusionNetworkObjectStatistics"
"FusionNetworkObjectStatsGraph",hereda,"FusionStatsGraphBase"
"FusionNetworkObjectStatsGraph",usa,"NetworkObjectStat"
"FusionNetworkObjectStatsGraph",usa,"FusionNetworkObjectStatsGraphCombine"
"Torreta",hereda,"MonoBehaviour"
"Torreta",usa,"GameManager"
"SistemaPuntaje",hereda,"MonoBehaviour"
"SenalizacionDeEnemigos",hereda,"MonoBehaviour"
"Prueba_de_color",hereda,"MonoBehaviour"
"PickUp",hereda,"MonoBehaviour"
"PickUp",usa,"UnitController"
"PickUp",usa,"UnitTeam"
"Obstaculo",hereda,"MonoBehaviour"
"MenuVictoria",hereda,"MonoBehaviour"
"IndicadorEnemigos",hereda,"MonoBehaviour"
"IndicadorEnemigos",usa,"GameManager"
"Ideasypseudocodigos",hereda,"MonoBehaviour"
"GestorTexto",hereda,"MonoBehaviour"
"CodigoDeInicio",hereda,"MonoBehaviour"
"CodigoDeInicio",usa,"BD_Audios"
"Camara",hereda,"MonoBehaviour"
"BD_Audios",hereda,"MonoBehaviour"
"BD_Audios",usa,"CoroutineHelper"
"CoroutineHelper",hereda,"MonoBehaviour"
"GameEventBus",hereda,"ScriptableObject"
"MatchNetworkController",hereda,"NetworkBehaviour"
"MatchNetworkController",usa,"MatchController"
"MatchNetworkController",usa,"GameEventBus"
"MatchNetworkController",usa,"RedesLog"
"MatchNetworkController",usa,"MatchResult"
"MatchNetworkController",usa,"GameFlowController"
"TerrainModel",hereda,"MonoBehaviour"
"PlayerModel",usa,"GameConstants"
"GameStateModel",usa,"GamePhase"
"RoomSessionHandler",implementa,"ISessionListHandler"
"RoomSessionHandler",usa,"HostNetworkService"
"RoomSessionHandler",usa,"NetworkSceneManagerDefault"
"RoomSessionHandler",usa,"RedesLog"
"RoomSessionHandler",usa,"GameConstants"
"PlayerSpawner",hereda,"MonoBehaviour"
"PlayerSpawner",usa,"RedesLog"
"NetworkInputData",implementa,"INetworkInput"
"HostNetworkService",hereda,"MonoBehaviour"
"HostNetworkService",implementa,"INetworkService"
"HostNetworkService",implementa,"INetworkRunnerCallbacks"
"HostNetworkService",usa,"PlayerSpawner"
"HostNetworkService",usa,"RedesLog"
"HostNetworkService",usa,"NetworkSceneManagerDefault"
"HostNetworkService",usa,"GameConstants"
"HostNetworkService",usa,"ResultView"
"HostNetworkService",usa,"GameFlowController"
"HostNetworkService",usa,"NetworkInputData"
"HostNetworkService",usa,"InputButton"
"CentralizadorScripts",hereda,"EditorWindow"
"CentralizadorScripts",usa,"AssetDatabase"
"CentralizadorScripts",usa,"EditorUtility"
"ILWeaverException",hereda,"Exception"
"NetworkProjectConfigImporterEditor",hereda,"ScriptedImporterEditor"
"NetworkProjectConfigImporterEditor",usa,"NetworkProjectConfigImporter"
"NetworkProjectConfigImporterEditor",usa,"LogSettingsDrawer"
"NetworkProjectConfigImporterEditor",usa,"FusionEditorGUI"
"NetworkProjectConfigImporterEditor",usa,"EditorGUI"
"NetworkProjectConfigImporterEditor",usa,"NetworkPrefabsInspector"
"NetworkProjectConfigImporterEditor",usa,"EnabledScope"
"NetworkProjectConfigImporterEditor",usa,"NetworkProjectConfigUtilities"
"NetworkProjectConfigImporterEditor",usa,"EditorUtility"
"NetworkProjectConfigImporter",hereda,"ScriptedImporter"
"NetworkProjectConfigImporter",usa,"NetworkAssetSourceFactory"
"NetworkProjectConfigImporter",usa,"AssetDatabaseUtils"
"NetworkProjectConfigImporter",usa,"AssetDatabase"
"NetworkProjectConfigImporter",usa,"NetworkAssetSourceFactoryContext"
"NetworkProjectConfigImporter",usa,"FusionCustomDependency"
"Postprocessor",hereda,"AssetPostprocessor"
"Postprocessor",usa,"AssetDatabase"
"NetworkPrefabsInspector",hereda,"EditorWindow"
"NetworkPrefabsInspector",usa,"Grid"
"NetworkPrefabsInspector",usa,"EditorGUI"
"NetworkPrefabsInspector",usa,"FusionGridItem"
"NetworkPrefabsInspector",usa,"AssetDatabase"
"NetworkPrefabsInspector",usa,"NetworkProjectConfigUtilities"
"NetworkPrefabsInspector",usa,"LoadState"
"NetworkPrefabsInspector",usa,"GridItem"
"NetworkPrefabsInspector",usa,"Column"
"NetworkPrefabsInspector",usa,"FusionEditorSkin"
"NetworkPrefabsInspector",usa,"FusionEditorGUI"
"NetworkPrefabsInspector",usa,"ContentColorScope"
"NetworkPrefabsInspector",usa,"INetworkPrefabSourceDrawer"
"NetworkPrefabsInspector",usa,"EditorUtility"
"NetworkPrefabsInspector",usa,"FusionGrid"
"InspectorTreeViewState",hereda,"TreeViewState"
"GridItem",hereda,"FusionGridItem"
"GridItem",usa,"AssetDatabase"
"GridItem",usa,"NetworkProjectConfigUtilities"
"GridItem",usa,"LoadState"
"Grid",hereda,"FusionGrid"
"Grid",usa,"GridItem"
"Grid",usa,"Column"
"Grid",usa,"FusionEditorSkin"
"Grid",usa,"LoadState"
"Grid",usa,"FusionEditorGUI"
"Grid",usa,"ContentColorScope"
"Grid",usa,"EditorGUI"
"Grid",usa,"INetworkPrefabSourceDrawer"
"Grid",usa,"EditorUtility"
"FusionWeaverTriggerImporter",hereda,"ScriptedImporter"
"FusionWeaverTriggerImporter",usa,"NetworkProjectConfigImporter"
"FusionWeaverTriggerImporter",usa,"ILWeaverUtils"
"FusionWeaverTriggerImporter",usa,"FusionCustomDependency"
"FusionWeaverTriggerImporter",usa,"EditorApplication"
"FusionWeaverTriggerImporter",usa,"NetworkProjectConfigUtilities"
"Postprocessor",hereda,"AssetPostprocessor"
"Postprocessor",usa,"NetworkProjectConfigImporter"
